"treatment","outcome","horizon","status","n_obs","p_joint_leads","lead_reject_joint","beta","p_value","run_timestamp_utc","treatment_scope","provenance_run_id","provenance_run_timestamp_utc","provenance_config_id","provenance_config_path","provenance_stage_id"
"transfer_composite","gini_households_q",4,"ok",137,6.51001222084906e-12,TRUE,1.65271659654922e-08,6.51001222084906e-12,"2026-04-03T20:10:28Z","cc_delinquency;credit_composite;fed_funds;home_equity;household_networth;revolving_credit;snap_persons;social_security;transfer_composite;ui_benefits","dflmx_20260403T201028Z_propagate","2026-04-03T20:10:28Z","config_dflmx_poverty_outcomes","/Users/shanewray/Library/CloudStorage/OneDrive-Personal/Active/hw/1/1proj/code/econark-r/code/dflmx-R/config_dflmx_poverty_outcomes.R","propagate"
"transfer_composite","poverty_all_q",4,"ok",137,3.36741108810146e-09,TRUE,1.94463299768093e-06,3.36741108810146e-09,"2026-04-03T20:10:28Z","cc_delinquency;credit_composite;fed_funds;home_equity;household_networth;revolving_credit;snap_persons;social_security;transfer_composite;ui_benefits","dflmx_20260403T201028Z_propagate","2026-04-03T20:10:28Z","config_dflmx_poverty_outcomes","/Users/shanewray/Library/CloudStorage/OneDrive-Personal/Active/hw/1/1proj/code/econark-r/code/dflmx-R/config_dflmx_poverty_outcomes.R","propagate"
"transfer_composite","poverty_child_q",4,"ok",137,1.53784654931706e-08,TRUE,3.41941254589341e-06,1.53784654931706e-08,"2026-04-03T20:10:28Z","cc_delinquency;credit_composite;fed_funds;home_equity;household_networth;revolving_credit;snap_persons;social_security;transfer_composite;ui_benefits","dflmx_20260403T201028Z_propagate","2026-04-03T20:10:28Z","config_dflmx_poverty_outcomes","/Users/shanewray/Library/CloudStorage/OneDrive-Personal/Active/hw/1/1proj/code/econark-r/code/dflmx-R/config_dflmx_poverty_outcomes.R","propagate"
"transfer_composite","gini_households_q",2,"ok",139,4.24828691041706e-08,TRUE,9.88156467708069e-09,4.24828691041706e-08,"2026-04-03T20:10:28Z","cc_delinquency;credit_composite;fed_funds;home_equity;household_networth;revolving_credit;snap_persons;social_security;transfer_composite;ui_benefits","dflmx_20260403T201028Z_propagate","2026-04-03T20:10:28Z","config_dflmx_poverty_outcomes","/Users/shanewray/Library/CloudStorage/OneDrive-Personal/Active/hw/1/1proj/code/econark-r/code/dflmx-R/config_dflmx_poverty_outcomes.R","propagate"
"transfer_composite","poverty_all_q",2,"ok",139,6.50143969364507e-07,TRUE,1.12062632637146e-06,6.50143969364507e-07,"2026-04-03T20:10:28Z","cc_delinquency;credit_composite;fed_funds;home_equity;household_networth;revolving_credit;snap_persons;social_security;transfer_composite;ui_benefits","dflmx_20260403T201028Z_propagate","2026-04-03T20:10:28Z","config_dflmx_poverty_outcomes","/Users/shanewray/Library/CloudStorage/OneDrive-Personal/Active/hw/1/1proj/code/econark-r/code/dflmx-R/config_dflmx_poverty_outcomes.R","propagate"
"transfer_composite","poverty_child_q",2,"ok",139,4.553986187813e-06,TRUE,1.96448064464099e-06,4.553986187813e-06,"2026-04-03T20:10:28Z","cc_delinquency;credit_composite;fed_funds;home_equity;household_networth;revolving_credit;snap_persons;social_security;transfer_composite;ui_benefits","dflmx_20260403T201028Z_propagate","2026-04-03T20:10:28Z","config_dflmx_poverty_outcomes","/Users/shanewray/Library/CloudStorage/OneDrive-Personal/Active/hw/1/1proj/code/econark-r/code/dflmx-R/config_dflmx_poverty_outcomes.R","propagate"
"transfer_composite","wealth_share_gap_top1_bottom50",2,"ok",139,6.51812817137315e-05,TRUE,2.06443990217345e-06,6.51812817137315e-05,"2026-04-03T20:10:28Z","cc_delinquency;credit_composite;fed_funds;home_equity;household_networth;revolving_credit;snap_persons;social_security;transfer_composite;ui_benefits","dflmx_20260403T201028Z_propagate","2026-04-03T20:10:28Z","config_dflmx_poverty_outcomes","/Users/shanewray/Library/CloudStorage/OneDrive-Personal/Active/hw/1/1proj/code/econark-r/code/dflmx-R/config_dflmx_poverty_outcomes.R","propagate"
"household_networth","wealth_share_gap_top1_bottom50",2,"ok",139,6.59525699794452e-05,TRUE,1.09709592250939e-10,6.59525699794452e-05,"2026-04-03T20:10:28Z","cc_delinquency;credit_composite;fed_funds;home_equity;household_networth;revolving_credit;snap_persons;social_security;transfer_composite;ui_benefits","dflmx_20260403T201028Z_propagate","2026-04-03T20:10:28Z","config_dflmx_poverty_outcomes","/Users/shanewray/Library/CloudStorage/OneDrive-Personal/Active/hw/1/1proj/code/econark-r/code/dflmx-R/config_dflmx_poverty_outcomes.R","propagate"
"transfer_composite","wealth_share_gap_top1_bottom50",4,"ok",137,0.000179943555654677,TRUE,2.24970939782917e-06,0.000179943555654677,"2026-04-03T20:10:28Z","cc_delinquency;credit_composite;fed_funds;home_equity;household_networth;revolving_credit;snap_persons;social_security;transfer_composite;ui_benefits","dflmx_20260403T201028Z_propagate","2026-04-03T20:10:28Z","config_dflmx_poverty_outcomes","/Users/shanewray/Library/CloudStorage/OneDrive-Personal/Active/hw/1/1proj/code/econark-r/code/dflmx-R/config_dflmx_poverty_outcomes.R","propagate"
"transfer_composite","gini_households_q",8,"ok",133,0.000286407258513702,TRUE,1.10917747235986e-08,0.000286407258513702,"2026-04-03T20:10:28Z","cc_delinquency;credit_composite;fed_funds;home_equity;household_networth;revolving_credit;snap_persons;social_security;transfer_composite;ui_benefits","dflmx_20260403T201028Z_propagate","2026-04-03T20:10:28Z","config_dflmx_poverty_outcomes","/Users/shanewray/Library/CloudStorage/OneDrive-Personal/Active/hw/1/1proj/code/econark-r/code/dflmx-R/config_dflmx_poverty_outcomes.R","propagate"
"transfer_composite","median_real_income_fred_q",8,"ok",133,0.00164916625469235,TRUE,-0.00514925208371746,0.00164916625469235,"2026-04-03T20:10:28Z","cc_delinquency;credit_composite;fed_funds;home_equity;household_networth;revolving_credit;snap_persons;social_security;transfer_composite;ui_benefits","dflmx_20260403T201028Z_propagate","2026-04-03T20:10:28Z","config_dflmx_poverty_outcomes","/Users/shanewray/Library/CloudStorage/OneDrive-Personal/Active/hw/1/1proj/code/econark-r/code/dflmx-R/config_dflmx_poverty_outcomes.R","propagate"
"transfer_composite","poverty_all_q",8,"ok",133,0.0153748252916479,TRUE,1.8082243168973e-06,0.0153748252916479,"2026-04-03T20:10:28Z","cc_delinquency;credit_composite;fed_funds;home_equity;household_networth;revolving_credit;snap_persons;social_security;transfer_composite;ui_benefits","dflmx_20260403T201028Z_propagate","2026-04-03T20:10:28Z","config_dflmx_poverty_outcomes","/Users/shanewray/Library/CloudStorage/OneDrive-Personal/Active/hw/1/1proj/code/econark-r/code/dflmx-R/config_dflmx_poverty_outcomes.R","propagate"
"ui_benefits","gini_households_q",2,"ok",139,0.0187703941208803,TRUE,5.42920399389045e-08,0.0187703941208803,"2026-04-03T20:10:28Z","cc_delinquency;credit_composite;fed_funds;home_equity;household_networth;revolving_credit;snap_persons;social_security;transfer_composite;ui_benefits","dflmx_20260403T201028Z_propagate","2026-04-03T20:10:28Z","config_dflmx_poverty_outcomes","/Users/shanewray/Library/CloudStorage/OneDrive-Personal/Active/hw/1/1proj/code/econark-r/code/dflmx-R/config_dflmx_poverty_outcomes.R","propagate"
"household_networth","wealth_share_gap_top10_bottom50",4,"ok",137,0.0208274418667397,TRUE,-5.94527626573464e-11,0.0208274418667397,"2026-04-03T20:10:28Z","cc_delinquency;credit_composite;fed_funds;home_equity;household_networth;revolving_credit;snap_persons;social_security;transfer_composite;ui_benefits","dflmx_20260403T201028Z_propagate","2026-04-03T20:10:28Z","config_dflmx_poverty_outcomes","/Users/shanewray/Library/CloudStorage/OneDrive-Personal/Active/hw/1/1proj/code/econark-r/code/dflmx-R/config_dflmx_poverty_outcomes.R","propagate"
"revolving_credit","poverty_all_q",2,"ok",139,0.0259657089022917,TRUE,-4.08135278086229e-09,0.0259657089022917,"2026-04-03T20:10:28Z","cc_delinquency;credit_composite;fed_funds;home_equity;household_networth;revolving_credit;snap_persons;social_security;transfer_composite;ui_benefits","dflmx_20260403T201028Z_propagate","2026-04-03T20:10:28Z","config_dflmx_poverty_outcomes","/Users/shanewray/Library/CloudStorage/OneDrive-Personal/Active/hw/1/1proj/code/econark-r/code/dflmx-R/config_dflmx_poverty_outcomes.R","propagate"
"ui_benefits","gini_households_q",4,"ok",137,0.0281676183075565,TRUE,8.67268656206855e-08,0.0281676183075565,"2026-04-03T20:10:28Z","cc_delinquency;credit_composite;fed_funds;home_equity;household_networth;revolving_credit;snap_persons;social_security;transfer_composite;ui_benefits","dflmx_20260403T201028Z_propagate","2026-04-03T20:10:28Z","config_dflmx_poverty_outcomes","/Users/shanewray/Library/CloudStorage/OneDrive-Personal/Active/hw/1/1proj/code/econark-r/code/dflmx-R/config_dflmx_poverty_outcomes.R","propagate"
"transfer_composite","poverty_child_q",8,"ok",133,0.0305966375221101,TRUE,3.09238232640632e-06,0.0305966375221101,"2026-04-03T20:10:28Z","cc_delinquency;credit_composite;fed_funds;home_equity;household_networth;revolving_credit;snap_persons;social_security;transfer_composite;ui_benefits","dflmx_20260403T201028Z_propagate","2026-04-03T20:10:28Z","config_dflmx_poverty_outcomes","/Users/shanewray/Library/CloudStorage/OneDrive-Personal/Active/hw/1/1proj/code/econark-r/code/dflmx-R/config_dflmx_poverty_outcomes.R","propagate"
"ui_benefits","poverty_all_q",4,"ok",137,0.0353177032879282,TRUE,9.84587991941564e-06,0.0353177032879282,"2026-04-03T20:10:28Z","cc_delinquency;credit_composite;fed_funds;home_equity;household_networth;revolving_credit;snap_persons;social_security;transfer_composite;ui_benefits","dflmx_20260403T201028Z_propagate","2026-04-03T20:10:28Z","config_dflmx_poverty_outcomes","/Users/shanewray/Library/CloudStorage/OneDrive-Personal/Active/hw/1/1proj/code/econark-r/code/dflmx-R/config_dflmx_poverty_outcomes.R","propagate"
"household_networth","wealth_share_gap_top10_bottom50",2,"ok",139,0.040818196486757,TRUE,-3.15724686134103e-11,0.040818196486757,"2026-04-03T20:10:28Z","cc_delinquency;credit_composite;fed_funds;home_equity;household_networth;revolving_credit;snap_persons;social_security;transfer_composite;ui_benefits","dflmx_20260403T201028Z_propagate","2026-04-03T20:10:28Z","config_dflmx_poverty_outcomes","/Users/shanewray/Library/CloudStorage/OneDrive-Personal/Active/hw/1/1proj/code/econark-r/code/dflmx-R/config_dflmx_poverty_outcomes.R","propagate"
"household_networth","wealth_share_gap_top1_bottom50",4,"ok",137,0.0422300419832876,TRUE,6.55912080404378e-11,0.0422300419832876,"2026-04-03T20:10:28Z","cc_delinquency;credit_composite;fed_funds;home_equity;household_networth;revolving_credit;snap_persons;social_security;transfer_composite;ui_benefits","dflmx_20260403T201028Z_propagate","2026-04-03T20:10:28Z","config_dflmx_poverty_outcomes","/Users/shanewray/Library/CloudStorage/OneDrive-Personal/Active/hw/1/1proj/code/econark-r/code/dflmx-R/config_dflmx_poverty_outcomes.R","propagate"
"household_networth","wealth_share_gap_top10_bottom50",8,"ok",133,0.0555945054448362,TRUE,-8.45157914950412e-11,0.0555945054448362,"2026-04-03T20:10:28Z","cc_delinquency;credit_composite;fed_funds;home_equity;household_networth;revolving_credit;snap_persons;social_security;transfer_composite;ui_benefits","dflmx_20260403T201028Z_propagate","2026-04-03T20:10:28Z","config_dflmx_poverty_outcomes","/Users/shanewray/Library/CloudStorage/OneDrive-Personal/Active/hw/1/1proj/code/econark-r/code/dflmx-R/config_dflmx_poverty_outcomes.R","propagate"
"revolving_credit","poverty_all_q",4,"ok",137,0.0562032783955591,TRUE,-7.46166861153686e-09,0.0562032783955591,"2026-04-03T20:10:28Z","cc_delinquency;credit_composite;fed_funds;home_equity;household_networth;revolving_credit;snap_persons;social_security;transfer_composite;ui_benefits","dflmx_20260403T201028Z_propagate","2026-04-03T20:10:28Z","config_dflmx_poverty_outcomes","/Users/shanewray/Library/CloudStorage/OneDrive-Personal/Active/hw/1/1proj/code/econark-r/code/dflmx-R/config_dflmx_poverty_outcomes.R","propagate"
"snap_persons","poverty_all_q",4,"ok",137,0.059188650045312,TRUE,2.52270029901919e-05,0.059188650045312,"2026-04-03T20:10:28Z","cc_delinquency;credit_composite;fed_funds;home_equity;household_networth;revolving_credit;snap_persons;social_security;transfer_composite;ui_benefits","dflmx_20260403T201028Z_propagate","2026-04-03T20:10:28Z","config_dflmx_poverty_outcomes","/Users/shanewray/Library/CloudStorage/OneDrive-Personal/Active/hw/1/1proj/code/econark-r/code/dflmx-R/config_dflmx_poverty_outcomes.R","propagate"
"revolving_credit","poverty_child_q",2,"ok",139,0.0602942819005574,TRUE,-5.77790904093109e-09,0.0602942819005574,"2026-04-03T20:10:28Z","cc_delinquency;credit_composite;fed_funds;home_equity;household_networth;revolving_credit;snap_persons;social_security;transfer_composite;ui_benefits","dflmx_20260403T201028Z_propagate","2026-04-03T20:10:28Z","config_dflmx_poverty_outcomes","/Users/shanewray/Library/CloudStorage/OneDrive-Personal/Active/hw/1/1proj/code/econark-r/code/dflmx-R/config_dflmx_poverty_outcomes.R","propagate"
"fed_funds","median_real_income_fred_q",2,"ok",139,0.0607448333589015,TRUE,867.857582782774,0.0607448333589015,"2026-04-03T20:10:28Z","cc_delinquency;credit_composite;fed_funds;home_equity;household_networth;revolving_credit;snap_persons;social_security;transfer_composite;ui_benefits","dflmx_20260403T201028Z_propagate","2026-04-03T20:10:28Z","config_dflmx_poverty_outcomes","/Users/shanewray/Library/CloudStorage/OneDrive-Personal/Active/hw/1/1proj/code/econark-r/code/dflmx-R/config_dflmx_poverty_outcomes.R","propagate"
"snap_persons","poverty_all_q",2,"ok",139,0.0718245806514518,TRUE,1.39712909174533e-05,0.0718245806514518,"2026-04-03T20:10:28Z","cc_delinquency;credit_composite;fed_funds;home_equity;household_networth;revolving_credit;snap_persons;social_security;transfer_composite;ui_benefits","dflmx_20260403T201028Z_propagate","2026-04-03T20:10:28Z","config_dflmx_poverty_outcomes","/Users/shanewray/Library/CloudStorage/OneDrive-Personal/Active/hw/1/1proj/code/econark-r/code/dflmx-R/config_dflmx_poverty_outcomes.R","propagate"
"ui_benefits","poverty_all_q",2,"ok",139,0.082106521074128,TRUE,5.17664072341427e-06,0.082106521074128,"2026-04-03T20:10:28Z","cc_delinquency;credit_composite;fed_funds;home_equity;household_networth;revolving_credit;snap_persons;social_security;transfer_composite;ui_benefits","dflmx_20260403T201028Z_propagate","2026-04-03T20:10:28Z","config_dflmx_poverty_outcomes","/Users/shanewray/Library/CloudStorage/OneDrive-Personal/Active/hw/1/1proj/code/econark-r/code/dflmx-R/config_dflmx_poverty_outcomes.R","propagate"
"transfer_composite","median_real_income_fred_q",2,"ok",139,0.0911423512487429,TRUE,0.00186631143326168,0.0911423512487429,"2026-04-03T20:10:28Z","cc_delinquency;credit_composite;fed_funds;home_equity;household_networth;revolving_credit;snap_persons;social_security;transfer_composite;ui_benefits","dflmx_20260403T201028Z_propagate","2026-04-03T20:10:28Z","config_dflmx_poverty_outcomes","/Users/shanewray/Library/CloudStorage/OneDrive-Personal/Active/hw/1/1proj/code/econark-r/code/dflmx-R/config_dflmx_poverty_outcomes.R","propagate"
"transfer_composite","wealth_share_gap_top10_bottom50",8,"ok",133,0.103637374698965,FALSE,-2.15640599349187e-06,0.103637374698965,"2026-04-03T20:10:28Z","cc_delinquency;credit_composite;fed_funds;home_equity;household_networth;revolving_credit;snap_persons;social_security;transfer_composite;ui_benefits","dflmx_20260403T201028Z_propagate","2026-04-03T20:10:28Z","config_dflmx_poverty_outcomes","/Users/shanewray/Library/CloudStorage/OneDrive-Personal/Active/hw/1/1proj/code/econark-r/code/dflmx-R/config_dflmx_poverty_outcomes.R","propagate"
"fed_funds","median_real_income_fred_q",4,"ok",137,0.105220780234336,FALSE,1184.41739014992,0.105220780234336,"2026-04-03T20:10:28Z","cc_delinquency;credit_composite;fed_funds;home_equity;household_networth;revolving_credit;snap_persons;social_security;transfer_composite;ui_benefits","dflmx_20260403T201028Z_propagate","2026-04-03T20:10:28Z","config_dflmx_poverty_outcomes","/Users/shanewray/Library/CloudStorage/OneDrive-Personal/Active/hw/1/1proj/code/econark-r/code/dflmx-R/config_dflmx_poverty_outcomes.R","propagate"
