"dependent","horizon","n_obs","beta","se","p_value","ci_low","ci_high","r2","treatment","outcome","dependent_kind","provenance_run_id","provenance_run_timestamp_utc","provenance_config_id","provenance_config_path","provenance_stage_id","q_value","priority","robust","rank_source"
"qend__poverty_all_q",2,139,-0.058525104189188,0.101545145593787,0.565355645124446,-0.257553589553011,0.140503381174635,0.926970366014081,"fed_funds","poverty_all_q","outcome","dflmx_20260403T200845Z_propagate","2026-04-03T20:08:45Z","config_dflmx_poverty_outcomes_baseline","/Users/shanewray/Library/CloudStorage/OneDrive-Personal/Active/hw/1/1proj/code/econark-r/code/dflmx-R/config_dflmx_poverty_outcomes_baseline.R","propagate",0.965417068130992,"weak",FALSE,"outcome"
"qend__poverty_all_q",4,137,-0.174130664028859,0.173069200332638,0.316206345168512,-0.513346296680829,0.165084968623111,0.820165940643721,"fed_funds","poverty_all_q","outcome","dflmx_20260403T200845Z_propagate","2026-04-03T20:08:45Z","config_dflmx_poverty_outcomes_baseline","/Users/shanewray/Library/CloudStorage/OneDrive-Personal/Active/hw/1/1proj/code/econark-r/code/dflmx-R/config_dflmx_poverty_outcomes_baseline.R","propagate",0.813102030433316,"weak",FALSE,"outcome"
"qend__poverty_all_q",8,133,-0.244765780720299,0.271494773634864,0.369003180384653,-0.776895537044632,0.287363975604035,0.558169736279928,"fed_funds","poverty_all_q","outcome","dflmx_20260403T200845Z_propagate","2026-04-03T20:08:45Z","config_dflmx_poverty_outcomes_baseline","/Users/shanewray/Library/CloudStorage/OneDrive-Personal/Active/hw/1/1proj/code/econark-r/code/dflmx-R/config_dflmx_poverty_outcomes_baseline.R","propagate",0.830302574757102,"weak",FALSE,"outcome"
"qend__poverty_child_q",2,139,-0.0155673399771683,0.153924416699461,0.919594600154019,-0.317259196708113,0.286124516753776,0.948822604018823,"fed_funds","poverty_child_q","outcome","dflmx_20260403T200845Z_propagate","2026-04-03T20:08:45Z","config_dflmx_poverty_outcomes_baseline","/Users/shanewray/Library/CloudStorage/OneDrive-Personal/Active/hw/1/1proj/code/econark-r/code/dflmx-R/config_dflmx_poverty_outcomes_baseline.R","propagate",0.993157948982456,"weak",FALSE,"outcome"
"qend__poverty_child_q",4,137,-0.227507161956099,0.258157678258473,0.379784605983147,-0.733496211342706,0.278481887430509,0.868242997295642,"fed_funds","poverty_child_q","outcome","dflmx_20260403T200845Z_propagate","2026-04-03T20:08:45Z","config_dflmx_poverty_outcomes_baseline","/Users/shanewray/Library/CloudStorage/OneDrive-Personal/Active/hw/1/1proj/code/econark-r/code/dflmx-R/config_dflmx_poverty_outcomes_baseline.R","propagate",0.830302574757102,"weak",FALSE,"outcome"
"qend__poverty_child_q",8,133,-0.519668734221339,0.41467300214845,0.212434799627216,-1.3324278184323,0.293090349989623,0.657071397627596,"fed_funds","poverty_child_q","outcome","dflmx_20260403T200845Z_propagate","2026-04-03T20:08:45Z","config_dflmx_poverty_outcomes_baseline","/Users/shanewray/Library/CloudStorage/OneDrive-Personal/Active/hw/1/1proj/code/econark-r/code/dflmx-R/config_dflmx_poverty_outcomes_baseline.R","propagate",0.603762062098403,"weak",FALSE,"outcome"
"qend__gini_households_q",2,139,-5.80646751777165e-06,0.000853214837594717,0.994580316187998,-0.00167810754920342,0.00166649461416787,0.954079916330216,"fed_funds","gini_households_q","outcome","dflmx_20260403T200845Z_propagate","2026-04-03T20:08:45Z","config_dflmx_poverty_outcomes_baseline","/Users/shanewray/Library/CloudStorage/OneDrive-Personal/Active/hw/1/1proj/code/econark-r/code/dflmx-R/config_dflmx_poverty_outcomes_baseline.R","propagate",0.994580316187998,"weak",FALSE,"outcome"
"qend__gini_households_q",4,137,-0.000132819242216221,0.00148329000728556,0.928786600437297,-0.00304006765649592,0.00277442917206348,0.856076133311311,"fed_funds","gini_households_q","outcome","dflmx_20260403T200845Z_propagate","2026-04-03T20:08:45Z","config_dflmx_poverty_outcomes_baseline","/Users/shanewray/Library/CloudStorage/OneDrive-Personal/Active/hw/1/1proj/code/econark-r/code/dflmx-R/config_dflmx_poverty_outcomes_baseline.R","propagate",0.993157948982456,"weak",FALSE,"outcome"
"qend__gini_households_q",8,133,-0.000788813845710438,0.00155665049006646,0.613217380893843,-0.00383984880624071,0.00226222111481983,0.786042913814381,"fed_funds","gini_households_q","outcome","dflmx_20260403T200845Z_propagate","2026-04-03T20:08:45Z","config_dflmx_poverty_outcomes_baseline","/Users/shanewray/Library/CloudStorage/OneDrive-Personal/Active/hw/1/1proj/code/econark-r/code/dflmx-R/config_dflmx_poverty_outcomes_baseline.R","propagate",0.965417068130992,"weak",FALSE,"outcome"
"qend__median_real_income_fred_q",2,139,867.857582782774,458.842706418151,0.0607448333589015,-31.4741217968017,1767.18928736235,0.960812623293335,"fed_funds","median_real_income_fred_q","outcome","dflmx_20260403T200845Z_propagate","2026-04-03T20:08:45Z","config_dflmx_poverty_outcomes_baseline","/Users/shanewray/Library/CloudStorage/OneDrive-Personal/Active/hw/1/1proj/code/econark-r/code/dflmx-R/config_dflmx_poverty_outcomes_baseline.R","propagate",0.298201909216426,"moderate",FALSE,"outcome"
"qend__median_real_income_fred_q",4,137,1184.41739014992,726.040390998808,0.105220780234336,-238.621776207739,2607.45655650759,0.893885943982435,"fed_funds","median_real_income_fred_q","outcome","dflmx_20260403T200845Z_propagate","2026-04-03T20:08:45Z","config_dflmx_poverty_outcomes_baseline","/Users/shanewray/Library/CloudStorage/OneDrive-Personal/Active/hw/1/1proj/code/econark-r/code/dflmx-R/config_dflmx_poverty_outcomes_baseline.R","propagate",0.405851580903867,"weak",FALSE,"outcome"
"qend__median_real_income_fred_q",8,133,763.029132826336,886.98077329312,0.391269871596405,-975.453182828179,2501.51144848085,0.801711814229441,"fed_funds","median_real_income_fred_q","outcome","dflmx_20260403T200845Z_propagate","2026-04-03T20:08:45Z","config_dflmx_poverty_outcomes_baseline","/Users/shanewray/Library/CloudStorage/OneDrive-Personal/Active/hw/1/1proj/code/econark-r/code/dflmx-R/config_dflmx_poverty_outcomes_baseline.R","propagate",0.830302574757102,"weak",FALSE,"outcome"
"qend__wealth_share_gap_top10_bottom50",2,139,-0.0755911542263267,0.188312740136857,0.688760420621688,-0.444684124894566,0.293501816441913,0.972732266507504,"fed_funds","wealth_share_gap_top10_bottom50","outcome","dflmx_20260403T200845Z_propagate","2026-04-03T20:08:45Z","config_dflmx_poverty_outcomes_baseline","/Users/shanewray/Library/CloudStorage/OneDrive-Personal/Active/hw/1/1proj/code/econark-r/code/dflmx-R/config_dflmx_poverty_outcomes_baseline.R","propagate",0.965417068130992,"weak",FALSE,"outcome"
"qend__wealth_share_gap_top10_bottom50",4,137,-0.0326555836263564,0.275521157350362,0.905834852575266,-0.572677052033066,0.507365884780353,0.936521811412294,"fed_funds","wealth_share_gap_top10_bottom50","outcome","dflmx_20260403T200845Z_propagate","2026-04-03T20:08:45Z","config_dflmx_poverty_outcomes_baseline","/Users/shanewray/Library/CloudStorage/OneDrive-Personal/Active/hw/1/1proj/code/econark-r/code/dflmx-R/config_dflmx_poverty_outcomes_baseline.R","propagate",0.993157948982456,"weak",FALSE,"outcome"
"qend__wealth_share_gap_top10_bottom50",8,133,-0.126129036671537,0.396184821066755,0.750735502783497,-0.902651285962377,0.650393212619304,0.827580341591919,"fed_funds","wealth_share_gap_top10_bottom50","outcome","dflmx_20260403T200845Z_propagate","2026-04-03T20:08:45Z","config_dflmx_poverty_outcomes_baseline","/Users/shanewray/Library/CloudStorage/OneDrive-Personal/Active/hw/1/1proj/code/econark-r/code/dflmx-R/config_dflmx_poverty_outcomes_baseline.R","propagate",0.965417068130992,"weak",FALSE,"outcome"
"qend__wealth_share_gap_top1_bottom50",2,139,0.0386014598030307,0.220708118367232,0.861425571216438,-0.393986452196743,0.471189371802805,0.957538787814784,"fed_funds","wealth_share_gap_top1_bottom50","outcome","dflmx_20260403T200845Z_propagate","2026-04-03T20:08:45Z","config_dflmx_poverty_outcomes_baseline","/Users/shanewray/Library/CloudStorage/OneDrive-Personal/Active/hw/1/1proj/code/econark-r/code/dflmx-R/config_dflmx_poverty_outcomes_baseline.R","propagate",0.988103732959231,"weak",FALSE,"outcome"
"qend__wealth_share_gap_top1_bottom50",4,137,-0.00640552969652869,0.331938452743891,0.984633265507187,-0.657004897074555,0.644193837681497,0.923210989944943,"fed_funds","wealth_share_gap_top1_bottom50","outcome","dflmx_20260403T200845Z_propagate","2026-04-03T20:08:45Z","config_dflmx_poverty_outcomes_baseline","/Users/shanewray/Library/CloudStorage/OneDrive-Personal/Active/hw/1/1proj/code/econark-r/code/dflmx-R/config_dflmx_poverty_outcomes_baseline.R","propagate",0.994580316187998,"weak",FALSE,"outcome"
"qend__wealth_share_gap_top1_bottom50",8,133,-0.235673085869741,0.49181407407461,0.632626541620097,-1.19962867105598,0.728282499316494,0.845665339962541,"fed_funds","wealth_share_gap_top1_bottom50","outcome","dflmx_20260403T200845Z_propagate","2026-04-03T20:08:45Z","config_dflmx_poverty_outcomes_baseline","/Users/shanewray/Library/CloudStorage/OneDrive-Personal/Active/hw/1/1proj/code/econark-r/code/dflmx-R/config_dflmx_poverty_outcomes_baseline.R","propagate",0.965417068130992,"weak",FALSE,"outcome"
"qend__poverty_all_q",2,139,1.12062632637146e-06,2.14388896797793e-07,6.50143969364507e-07,7.00424088647783e-07,1.54082856409513e-06,0.929875513745829,"transfer_composite","poverty_all_q","outcome","dflmx_20260403T200845Z_propagate","2026-04-03T20:08:45Z","config_dflmx_poverty_outcomes_baseline","/Users/shanewray/Library/CloudStorage/OneDrive-Personal/Active/hw/1/1proj/code/econark-r/code/dflmx-R/config_dflmx_poverty_outcomes_baseline.R","propagate",1.40431097382734e-05,"strong",TRUE,"outcome"
"qend__poverty_all_q",4,137,1.94463299768093e-06,3.06561336275569e-07,3.36741108810146e-09,1.34377277858081e-06,2.54549321678105e-06,0.826382145624947,"transfer_composite","poverty_all_q","outcome","dflmx_20260403T200845Z_propagate","2026-04-03T20:08:45Z","config_dflmx_poverty_outcomes_baseline","/Users/shanewray/Library/CloudStorage/OneDrive-Personal/Active/hw/1/1proj/code/econark-r/code/dflmx-R/config_dflmx_poverty_outcomes_baseline.R","propagate",1.81840198757479e-07,"strong",TRUE,"outcome"
"qend__poverty_all_q",8,133,1.8082243168973e-06,7.36055543685653e-07,0.0153748252916479,3.65555451273419e-07,3.25089318252118e-06,0.559993884829675,"transfer_composite","poverty_all_q","outcome","dflmx_20260403T200845Z_propagate","2026-04-03T20:08:45Z","config_dflmx_poverty_outcomes_baseline","/Users/shanewray/Library/CloudStorage/OneDrive-Personal/Active/hw/1/1proj/code/econark-r/code/dflmx-R/config_dflmx_poverty_outcomes_baseline.R","propagate",0.138373427624831,"strong",FALSE,"outcome"
"qend__poverty_child_q",2,139,1.96448064464099e-06,4.10881491707341e-07,4.553986187813e-06,1.1591529208946e-06,2.76980836838738e-06,0.95147104994832,"transfer_composite","poverty_child_q","outcome","dflmx_20260403T200845Z_propagate","2026-04-03T20:08:45Z","config_dflmx_poverty_outcomes_baseline","/Users/shanewray/Library/CloudStorage/OneDrive-Personal/Active/hw/1/1proj/code/econark-r/code/dflmx-R/config_dflmx_poverty_outcomes_baseline.R","propagate",8.1971751380634e-05,"strong",TRUE,"outcome"
"qend__poverty_child_q",4,137,3.41941254589341e-06,5.66712062286966e-07,1.53784654931706e-08,2.30865690381095e-06,4.53016818797586e-06,0.871444207596058,"transfer_composite","poverty_child_q","outcome","dflmx_20260403T200845Z_propagate","2026-04-03T20:08:45Z","config_dflmx_poverty_outcomes_baseline","/Users/shanewray/Library/CloudStorage/OneDrive-Personal/Active/hw/1/1proj/code/econark-r/code/dflmx-R/config_dflmx_poverty_outcomes_baseline.R","propagate",5.53624757754142e-07,"strong",TRUE,"outcome"
"qend__poverty_child_q",8,133,3.09238232640632e-06,1.41417748623197e-06,0.0305966375221101,3.20594453391653e-07,5.86417019942098e-06,0.65008020949884,"transfer_composite","poverty_child_q","outcome","dflmx_20260403T200845Z_propagate","2026-04-03T20:08:45Z","config_dflmx_poverty_outcomes_baseline","/Users/shanewray/Library/CloudStorage/OneDrive-Personal/Active/hw/1/1proj/code/econark-r/code/dflmx-R/config_dflmx_poverty_outcomes_baseline.R","propagate",0.183579825132661,"strong",FALSE,"outcome"
"qend__gini_households_q",2,139,9.88156467708069e-09,1.69885292182346e-09,4.24828691041706e-08,6.55181295030671e-09,1.32113164038547e-08,0.956915365726201,"transfer_composite","gini_households_q","outcome","dflmx_20260403T200845Z_propagate","2026-04-03T20:08:45Z","config_dflmx_poverty_outcomes_baseline","/Users/shanewray/Library/CloudStorage/OneDrive-Personal/Active/hw/1/1proj/code/econark-r/code/dflmx-R/config_dflmx_poverty_outcomes_baseline.R","propagate",1.14703746581261e-06,"strong",TRUE,"outcome"
"qend__gini_households_q",4,137,1.65271659654922e-08,2.18848312685905e-09,6.51001222084906e-12,1.22377390368484e-08,2.08165928941359e-08,0.865275372313606,"transfer_composite","gini_households_q","outcome","dflmx_20260403T200845Z_propagate","2026-04-03T20:08:45Z","config_dflmx_poverty_outcomes_baseline","/Users/shanewray/Library/CloudStorage/OneDrive-Personal/Active/hw/1/1proj/code/econark-r/code/dflmx-R/config_dflmx_poverty_outcomes_baseline.R","propagate",7.03081319851699e-10,"strong",TRUE,"outcome"
"qend__gini_households_q",8,133,1.10917747235986e-08,2.97290278507517e-09,0.000286407258513702,5.26488526485131e-09,1.6918664182346e-08,0.790896535448532,"transfer_composite","gini_households_q","outcome","dflmx_20260403T200845Z_propagate","2026-04-03T20:08:45Z","config_dflmx_poverty_outcomes_baseline","/Users/shanewray/Library/CloudStorage/OneDrive-Personal/Active/hw/1/1proj/code/econark-r/code/dflmx-R/config_dflmx_poverty_outcomes_baseline.R","propagate",0.00343688710216442,"strong",TRUE,"outcome"
"qend__median_real_income_fred_q",2,139,0.00186631143326168,0.00109671376022787,0.0911423512487429,-0.000283247536784943,0.0040158704033083,0.958953827950908,"transfer_composite","median_real_income_fred_q","outcome","dflmx_20260403T200845Z_propagate","2026-04-03T20:08:45Z","config_dflmx_poverty_outcomes_baseline","/Users/shanewray/Library/CloudStorage/OneDrive-Personal/Active/hw/1/1proj/code/econark-r/code/dflmx-R/config_dflmx_poverty_outcomes_baseline.R","propagate",0.393734957394569,"moderate",FALSE,"outcome"
"qend__median_real_income_fred_q",4,137,0.000698189664144637,0.00114790442739496,0.544088191257001,-0.00155170301354948,0.00294808234183876,0.889223322231053,"transfer_composite","median_real_income_fred_q","outcome","dflmx_20260403T200845Z_propagate","2026-04-03T20:08:45Z","config_dflmx_poverty_outcomes_baseline","/Users/shanewray/Library/CloudStorage/OneDrive-Personal/Active/hw/1/1proj/code/econark-r/code/dflmx-R/config_dflmx_poverty_outcomes_baseline.R","propagate",0.965417068130992,"weak",FALSE,"outcome"
"qend__median_real_income_fred_q",8,133,-0.00514925208371746,0.0016011537239398,0.00164916625469235,-0.00828751338263947,-0.00201099078479546,0.803946941247167,"transfer_composite","median_real_income_fred_q","outcome","dflmx_20260403T200845Z_propagate","2026-04-03T20:08:45Z","config_dflmx_poverty_outcomes_baseline","/Users/shanewray/Library/CloudStorage/OneDrive-Personal/Active/hw/1/1proj/code/econark-r/code/dflmx-R/config_dflmx_poverty_outcomes_baseline.R","propagate",0.0178109955506774,"strong",TRUE,"outcome"
"qend__wealth_share_gap_top10_bottom50",2,139,-4.68882653870249e-07,9.51178307441351e-07,0.622861317365694,-2.3331921364553e-06,1.3954268287148e-06,0.972839487485792,"transfer_composite","wealth_share_gap_top10_bottom50","outcome","dflmx_20260403T200845Z_propagate","2026-04-03T20:08:45Z","config_dflmx_poverty_outcomes_baseline","/Users/shanewray/Library/CloudStorage/OneDrive-Personal/Active/hw/1/1proj/code/econark-r/code/dflmx-R/config_dflmx_poverty_outcomes_baseline.R","propagate",0.965417068130992,"weak",FALSE,"outcome"
"qend__wealth_share_gap_top10_bottom50",4,137,-9.27175310489576e-07,1.09118099234952e-06,0.397042712647913,-3.06589005549464e-06,1.21153943451549e-06,0.937229714553239,"transfer_composite","wealth_share_gap_top10_bottom50","outcome","dflmx_20260403T200845Z_propagate","2026-04-03T20:08:45Z","config_dflmx_poverty_outcomes_baseline","/Users/shanewray/Library/CloudStorage/OneDrive-Personal/Active/hw/1/1proj/code/econark-r/code/dflmx-R/config_dflmx_poverty_outcomes_baseline.R","propagate",0.830302574757102,"weak",FALSE,"outcome"
"qend__wealth_share_gap_top10_bottom50",8,133,-2.15640599349187e-06,1.31548821354387e-06,0.103637374698965,-4.73476289203785e-06,4.21950905054114e-07,0.830915802097008,"transfer_composite","wealth_share_gap_top10_bottom50","outcome","dflmx_20260403T200845Z_propagate","2026-04-03T20:08:45Z","config_dflmx_poverty_outcomes_baseline","/Users/shanewray/Library/CloudStorage/OneDrive-Personal/Active/hw/1/1proj/code/econark-r/code/dflmx-R/config_dflmx_poverty_outcomes_baseline.R","propagate",0.405851580903867,"weak",FALSE,"outcome"
"qend__wealth_share_gap_top1_bottom50",2,139,2.06443990217345e-06,5.00580324332083e-07,6.51812817137315e-05,1.08330246648257e-06,3.04557733786434e-06,0.961113749122024,"transfer_composite","wealth_share_gap_top1_bottom50","outcome","dflmx_20260403T200845Z_propagate","2026-04-03T20:08:45Z","config_dflmx_poverty_outcomes_baseline","/Users/shanewray/Library/CloudStorage/OneDrive-Personal/Active/hw/1/1proj/code/econark-r/code/dflmx-R/config_dflmx_poverty_outcomes_baseline.R","propagate",0.00100565406072614,"strong",TRUE,"outcome"
"qend__wealth_share_gap_top1_bottom50",4,137,2.24970939782917e-06,5.83450436710765e-07,0.000179943555654677,1.10614654187607e-06,3.39327225378227e-06,0.926376629717418,"transfer_composite","wealth_share_gap_top1_bottom50","outcome","dflmx_20260403T200845Z_propagate","2026-04-03T20:08:45Z","config_dflmx_poverty_outcomes_baseline","/Users/shanewray/Library/CloudStorage/OneDrive-Personal/Active/hw/1/1proj/code/econark-r/code/dflmx-R/config_dflmx_poverty_outcomes_baseline.R","propagate",0.00242923800133814,"strong",TRUE,"outcome"
"qend__wealth_share_gap_top1_bottom50",8,133,3.27335125568861e-08,9.43747969731629e-07,0.972385703436079,-1.81701250811711e-06,1.88247953323088e-06,0.84274329266,"transfer_composite","wealth_share_gap_top1_bottom50","outcome","dflmx_20260403T200845Z_propagate","2026-04-03T20:08:45Z","config_dflmx_poverty_outcomes_baseline","/Users/shanewray/Library/CloudStorage/OneDrive-Personal/Active/hw/1/1proj/code/econark-r/code/dflmx-R/config_dflmx_poverty_outcomes_baseline.R","propagate",0.994580316187998,"weak",FALSE,"outcome"
"qend__poverty_all_q",2,139,5.17664072341427e-06,2.9549761173862e-06,0.082106521074128,-6.15112466662684e-07,1.09683939134912e-05,0.927179292748544,"ui_benefits","poverty_all_q","outcome","dflmx_20260403T200845Z_propagate","2026-04-03T20:08:45Z","config_dflmx_poverty_outcomes_baseline","/Users/shanewray/Library/CloudStorage/OneDrive-Personal/Active/hw/1/1proj/code/econark-r/code/dflmx-R/config_dflmx_poverty_outcomes_baseline.R","propagate",0.369479344833576,"moderate",FALSE,"outcome"
"qend__poverty_all_q",4,137,9.84587991941564e-06,4.62959187393614e-06,0.0353177032879282,7.71879846500815e-07,1.89198799923305e-05,0.817655165230761,"ui_benefits","poverty_all_q","outcome","dflmx_20260403T200845Z_propagate","2026-04-03T20:08:45Z","config_dflmx_poverty_outcomes_baseline","/Users/shanewray/Library/CloudStorage/OneDrive-Personal/Active/hw/1/1proj/code/econark-r/code/dflmx-R/config_dflmx_poverty_outcomes_baseline.R","propagate",0.200753260794539,"strong",FALSE,"outcome"
"qend__poverty_all_q",8,133,7.11598068384924e-06,8.29735028238968e-06,0.392717406139212,-9.14682586963452e-06,2.3378787237333e-05,0.550166364552557,"ui_benefits","poverty_all_q","outcome","dflmx_20260403T200845Z_propagate","2026-04-03T20:08:45Z","config_dflmx_poverty_outcomes_baseline","/Users/shanewray/Library/CloudStorage/OneDrive-Personal/Active/hw/1/1proj/code/econark-r/code/dflmx-R/config_dflmx_poverty_outcomes_baseline.R","propagate",0.830302574757102,"weak",FALSE,"outcome"
"qend__poverty_child_q",2,139,7.19199405965614e-06,5.12231642744471e-06,0.162634438041041,-2.84774613813549e-06,1.72317342574478e-05,0.947745247861254,"ui_benefits","poverty_child_q","outcome","dflmx_20260403T200845Z_propagate","2026-04-03T20:08:45Z","config_dflmx_poverty_outcomes_baseline","/Users/shanewray/Library/CloudStorage/OneDrive-Personal/Active/hw/1/1proj/code/econark-r/code/dflmx-R/config_dflmx_poverty_outcomes_baseline.R","propagate",0.487903314123123,"weak",FALSE,"outcome"
"qend__poverty_child_q",4,137,1.30998141756821e-05,8.60803822841443e-06,0.130466449688122,-3.77194075201016e-06,2.99715691033744e-05,0.860037564985243,"ui_benefits","poverty_child_q","outcome","dflmx_20260403T200845Z_propagate","2026-04-03T20:08:45Z","config_dflmx_poverty_outcomes_baseline","/Users/shanewray/Library/CloudStorage/OneDrive-Personal/Active/hw/1/1proj/code/econark-r/code/dflmx-R/config_dflmx_poverty_outcomes_baseline.R","propagate",0.454982740052862,"weak",FALSE,"outcome"
"qend__poverty_child_q",8,133,6.9793745396557e-06,1.3343377507201e-05,0.601844540265338,-1.91736453744582e-05,3.31323944537696e-05,0.639794174188023,"ui_benefits","poverty_child_q","outcome","dflmx_20260403T200845Z_propagate","2026-04-03T20:08:45Z","config_dflmx_poverty_outcomes_baseline","/Users/shanewray/Library/CloudStorage/OneDrive-Personal/Active/hw/1/1proj/code/econark-r/code/dflmx-R/config_dflmx_poverty_outcomes_baseline.R","propagate",0.965417068130992,"weak",FALSE,"outcome"
"qend__gini_households_q",2,139,5.42920399389045e-08,2.2819316368489e-08,0.0187703941208803,9.56617985666601e-09,9.90179000211431e-08,0.955222933370193,"ui_benefits","gini_households_q","outcome","dflmx_20260403T200845Z_propagate","2026-04-03T20:08:45Z","config_dflmx_poverty_outcomes_baseline","/Users/shanewray/Library/CloudStorage/OneDrive-Personal/Active/hw/1/1proj/code/econark-r/code/dflmx-R/config_dflmx_poverty_outcomes_baseline.R","propagate",0.15593865885039,"strong",FALSE,"outcome"
"qend__gini_households_q",4,137,8.67268656206855e-08,3.90735992662137e-08,0.0281676183075565,1.01426110589067e-08,1.63311120182464e-07,0.858993624380512,"ui_benefits","gini_households_q","outcome","dflmx_20260403T200845Z_propagate","2026-04-03T20:08:45Z","config_dflmx_poverty_outcomes_baseline","/Users/shanewray/Library/CloudStorage/OneDrive-Personal/Active/hw/1/1proj/code/econark-r/code/dflmx-R/config_dflmx_poverty_outcomes_baseline.R","propagate",0.183579825132661,"strong",FALSE,"outcome"
"qend__gini_households_q",8,133,-1.69416711880867e-08,4.81499000259653e-08,0.725531884407406,-1.11315475238979e-07,7.74321328628054e-08,0.788876444840316,"ui_benefits","gini_households_q","outcome","dflmx_20260403T200845Z_propagate","2026-04-03T20:08:45Z","config_dflmx_poverty_outcomes_baseline","/Users/shanewray/Library/CloudStorage/OneDrive-Personal/Active/hw/1/1proj/code/econark-r/code/dflmx-R/config_dflmx_poverty_outcomes_baseline.R","propagate",0.965417068130992,"weak",FALSE,"outcome"
"qend__median_real_income_fred_q",2,139,0.0059617854970296,0.0111427911869613,0.593518934490164,-0.0158780852294146,0.0278016562234738,0.958422520044162,"ui_benefits","median_real_income_fred_q","outcome","dflmx_20260403T200845Z_propagate","2026-04-03T20:08:45Z","config_dflmx_poverty_outcomes_baseline","/Users/shanewray/Library/CloudStorage/OneDrive-Personal/Active/hw/1/1proj/code/econark-r/code/dflmx-R/config_dflmx_poverty_outcomes_baseline.R","propagate",0.965417068130992,"weak",FALSE,"outcome"
"qend__median_real_income_fred_q",4,137,-0.000343702883503663,0.0221378932848884,0.987636524595508,-0.0437339737218849,0.0430465679548776,0.889763300630975,"ui_benefits","median_real_income_fred_q","outcome","dflmx_20260403T200845Z_propagate","2026-04-03T20:08:45Z","config_dflmx_poverty_outcomes_baseline","/Users/shanewray/Library/CloudStorage/OneDrive-Personal/Active/hw/1/1proj/code/econark-r/code/dflmx-R/config_dflmx_poverty_outcomes_baseline.R","propagate",0.994580316187998,"weak",FALSE,"outcome"
"qend__median_real_income_fred_q",8,133,-0.0312460818803908,0.0358502091368259,0.385085913036216,-0.10151249178857,0.039020328027788,0.802584366032608,"ui_benefits","median_real_income_fred_q","outcome","dflmx_20260403T200845Z_propagate","2026-04-03T20:08:45Z","config_dflmx_poverty_outcomes_baseline","/Users/shanewray/Library/CloudStorage/OneDrive-Personal/Active/hw/1/1proj/code/econark-r/code/dflmx-R/config_dflmx_poverty_outcomes_baseline.R","propagate",0.830302574757102,"weak",FALSE,"outcome"
"qend__wealth_share_gap_top10_bottom50",2,139,-6.99828974569281e-06,4.70838020478658e-06,0.139553901889792,-1.62267149470745e-05,2.23013545568889e-06,0.973051424109843,"ui_benefits","wealth_share_gap_top10_bottom50","outcome","dflmx_20260403T200845Z_propagate","2026-04-03T20:08:45Z","config_dflmx_poverty_outcomes_baseline","/Users/shanewray/Library/CloudStorage/OneDrive-Personal/Active/hw/1/1proj/code/econark-r/code/dflmx-R/config_dflmx_poverty_outcomes_baseline.R","propagate",0.456858820480186,"weak",FALSE,"outcome"
"qend__wealth_share_gap_top10_bottom50",4,137,-8.80796217547062e-06,7.76595074727218e-06,0.258791526293762,-2.40292256401241e-05,6.41330128918285e-06,0.937098889491333,"ui_benefits","wealth_share_gap_top10_bottom50","outcome","dflmx_20260403T200845Z_propagate","2026-04-03T20:08:45Z","config_dflmx_poverty_outcomes_baseline","/Users/shanewray/Library/CloudStorage/OneDrive-Personal/Active/hw/1/1proj/code/econark-r/code/dflmx-R/config_dflmx_poverty_outcomes_baseline.R","propagate",0.716653457428879,"weak",FALSE,"outcome"
"qend__wealth_share_gap_top10_bottom50",8,133,-1.28105736885301e-05,1.34529613417745e-05,0.342779356150182,-3.91783779184082e-05,1.3557230541348e-05,0.828592170606008,"ui_benefits","wealth_share_gap_top10_bottom50","outcome","dflmx_20260403T200845Z_propagate","2026-04-03T20:08:45Z","config_dflmx_poverty_outcomes_baseline","/Users/shanewray/Library/CloudStorage/OneDrive-Personal/Active/hw/1/1proj/code/econark-r/code/dflmx-R/config_dflmx_poverty_outcomes_baseline.R","propagate",0.830302574757102,"weak",FALSE,"outcome"
"qend__wealth_share_gap_top1_bottom50",2,139,1.08102814000265e-05,4.64105644583667e-06,0.0213514258391219,1.71381076618666e-06,1.99067520338664e-05,0.959306874087998,"ui_benefits","wealth_share_gap_top1_bottom50","outcome","dflmx_20260403T200845Z_propagate","2026-04-03T20:08:45Z","config_dflmx_poverty_outcomes_baseline","/Users/shanewray/Library/CloudStorage/OneDrive-Personal/Active/hw/1/1proj/code/econark-r/code/dflmx-R/config_dflmx_poverty_outcomes_baseline.R","propagate",0.164710999330369,"strong",FALSE,"outcome"
"qend__wealth_share_gap_top1_bottom50",4,137,1.55591341117187e-05,5.18120551018303e-06,0.00320295807446621,5.40397131175992e-06,2.57142969116774e-05,0.925691248066899,"ui_benefits","wealth_share_gap_top1_bottom50","outcome","dflmx_20260403T200845Z_propagate","2026-04-03T20:08:45Z","config_dflmx_poverty_outcomes_baseline","/Users/shanewray/Library/CloudStorage/OneDrive-Personal/Active/hw/1/1proj/code/econark-r/code/dflmx-R/config_dflmx_poverty_outcomes_baseline.R","propagate",0.0314472247311228,"strong",TRUE,"outcome"
"qend__wealth_share_gap_top1_bottom50",8,133,3.78312740222223e-06,9.59065769394325e-06,0.693903337873663,-1.50145616779065e-05,2.2580816482351e-05,0.842786647909677,"ui_benefits","wealth_share_gap_top1_bottom50","outcome","dflmx_20260403T200845Z_propagate","2026-04-03T20:08:45Z","config_dflmx_poverty_outcomes_baseline","/Users/shanewray/Library/CloudStorage/OneDrive-Personal/Active/hw/1/1proj/code/econark-r/code/dflmx-R/config_dflmx_poverty_outcomes_baseline.R","propagate",0.965417068130992,"weak",FALSE,"outcome"
"qend__poverty_all_q",2,139,1.85927414870114e-05,2.90002206039669e-05,0.522545269741601,-3.82476908967638e-05,7.54331738707865e-05,0.924431097169739,"social_security","poverty_all_q","outcome","dflmx_20260403T200845Z_propagate","2026-04-03T20:08:45Z","config_dflmx_poverty_outcomes_baseline","/Users/shanewray/Library/CloudStorage/OneDrive-Personal/Active/hw/1/1proj/code/econark-r/code/dflmx-R/config_dflmx_poverty_outcomes_baseline.R","propagate",0.96220114779606,"weak",FALSE,"outcome"
"qend__poverty_all_q",4,137,2.77456220262858e-05,5.79677299543644e-05,0.632993298045685,-8.58711286842685e-05,0.00014136237273684,0.811415930430868,"social_security","poverty_all_q","outcome","dflmx_20260403T200845Z_propagate","2026-04-03T20:08:45Z","config_dflmx_poverty_outcomes_baseline","/Users/shanewray/Library/CloudStorage/OneDrive-Personal/Active/hw/1/1proj/code/econark-r/code/dflmx-R/config_dflmx_poverty_outcomes_baseline.R","propagate",0.965417068130992,"weak",FALSE,"outcome"
"qend__poverty_all_q",8,133,3.69174597183499e-05,9.60142405182515e-05,0.701251097376515,-0.000151270451697423,0.000225105371134123,0.548343184397454,"social_security","poverty_all_q","outcome","dflmx_20260403T200845Z_propagate","2026-04-03T20:08:45Z","config_dflmx_poverty_outcomes_baseline","/Users/shanewray/Library/CloudStorage/OneDrive-Personal/Active/hw/1/1proj/code/econark-r/code/dflmx-R/config_dflmx_poverty_outcomes_baseline.R","propagate",0.965417068130992,"weak",FALSE,"outcome"
"qend__poverty_child_q",2,139,1.66638165784754e-05,4.25574166796731e-05,0.696009389016727,-6.67487201136839e-05,0.000100076353270635,0.946299023796324,"social_security","poverty_child_q","outcome","dflmx_20260403T200845Z_propagate","2026-04-03T20:08:45Z","config_dflmx_poverty_outcomes_baseline","/Users/shanewray/Library/CloudStorage/OneDrive-Personal/Active/hw/1/1proj/code/econark-r/code/dflmx-R/config_dflmx_poverty_outcomes_baseline.R","propagate",0.965417068130992,"weak",FALSE,"outcome"
"qend__poverty_child_q",4,137,1.44466719171516e-05,8.75332974201052e-05,0.869165320658583,-0.000157118591026255,0.000186011934860558,0.857023627786647,"social_security","poverty_child_q","outcome","dflmx_20260403T200845Z_propagate","2026-04-03T20:08:45Z","config_dflmx_poverty_outcomes_baseline","/Users/shanewray/Library/CloudStorage/OneDrive-Personal/Active/hw/1/1proj/code/econark-r/code/dflmx-R/config_dflmx_poverty_outcomes_baseline.R","propagate",0.988103732959231,"weak",FALSE,"outcome"
"qend__poverty_child_q",8,133,3.77593695835828e-05,0.000139203023605031,0.786636129588216,-0.000235078556682277,0.000310597295849443,0.63924123188911,"social_security","poverty_child_q","outcome","dflmx_20260403T200845Z_propagate","2026-04-03T20:08:45Z","config_dflmx_poverty_outcomes_baseline","/Users/shanewray/Library/CloudStorage/OneDrive-Personal/Active/hw/1/1proj/code/econark-r/code/dflmx-R/config_dflmx_poverty_outcomes_baseline.R","propagate",0.965417068130992,"weak",FALSE,"outcome"
"qend__gini_households_q",2,139,1.1944077110568e-07,1.87698920721761e-07,0.525646923333033,-2.48449113508972e-07,4.87330655720333e-07,0.954254298198141,"social_security","gini_households_q","outcome","dflmx_20260403T200845Z_propagate","2026-04-03T20:08:45Z","config_dflmx_poverty_outcomes_baseline","/Users/shanewray/Library/CloudStorage/OneDrive-Personal/Active/hw/1/1proj/code/econark-r/code/dflmx-R/config_dflmx_poverty_outcomes_baseline.R","propagate",0.96220114779606,"weak",FALSE,"outcome"
"qend__gini_households_q",4,137,1.40185544581794e-07,3.65306949225259e-07,0.701787885112246,-5.75816075899713e-07,8.56187165063301e-07,0.856452679713011,"social_security","gini_households_q","outcome","dflmx_20260403T200845Z_propagate","2026-04-03T20:08:45Z","config_dflmx_poverty_outcomes_baseline","/Users/shanewray/Library/CloudStorage/OneDrive-Personal/Active/hw/1/1proj/code/econark-r/code/dflmx-R/config_dflmx_poverty_outcomes_baseline.R","propagate",0.965417068130992,"weak",FALSE,"outcome"
"qend__gini_households_q",8,133,-2.91773901252704e-07,5.73398973003178e-07,0.61174045767716,-1.41563588833893e-06,8.32088085833525e-07,0.785849518486287,"social_security","gini_households_q","outcome","dflmx_20260403T200845Z_propagate","2026-04-03T20:08:45Z","config_dflmx_poverty_outcomes_baseline","/Users/shanewray/Library/CloudStorage/OneDrive-Personal/Active/hw/1/1proj/code/econark-r/code/dflmx-R/config_dflmx_poverty_outcomes_baseline.R","propagate",0.965417068130992,"weak",FALSE,"outcome"
"qend__median_real_income_fred_q",2,139,0.0554170568402941,0.118419295591496,0.640569709190916,-0.176684762519038,0.287518876199627,0.958343905538708,"social_security","median_real_income_fred_q","outcome","dflmx_20260403T200845Z_propagate","2026-04-03T20:08:45Z","config_dflmx_poverty_outcomes_baseline","/Users/shanewray/Library/CloudStorage/OneDrive-Personal/Active/hw/1/1proj/code/econark-r/code/dflmx-R/config_dflmx_poverty_outcomes_baseline.R","propagate",0.965417068130992,"weak",FALSE,"outcome"
"qend__median_real_income_fred_q",4,137,0.032512234907891,0.234122782924942,0.889767467477365,-0.426368419624996,0.491392889440778,0.889393620596117,"social_security","median_real_income_fred_q","outcome","dflmx_20260403T200845Z_propagate","2026-04-03T20:08:45Z","config_dflmx_poverty_outcomes_baseline","/Users/shanewray/Library/CloudStorage/OneDrive-Personal/Active/hw/1/1proj/code/econark-r/code/dflmx-R/config_dflmx_poverty_outcomes_baseline.R","propagate",0.993157948982456,"weak",FALSE,"outcome"
"qend__median_real_income_fred_q",8,133,-0.0784886183175442,0.309504675677678,0.800219086881641,-0.685117782645793,0.528140546010705,0.798632164483145,"social_security","median_real_income_fred_q","outcome","dflmx_20260403T200845Z_propagate","2026-04-03T20:08:45Z","config_dflmx_poverty_outcomes_baseline","/Users/shanewray/Library/CloudStorage/OneDrive-Personal/Active/hw/1/1proj/code/econark-r/code/dflmx-R/config_dflmx_poverty_outcomes_baseline.R","propagate",0.971052375092328,"weak",FALSE,"outcome"
"qend__wealth_share_gap_top10_bottom50",2,139,1.32260147520841e-05,4.43584154578433e-05,0.766044454427567,-7.37164795452888e-05,0.000100168509049457,0.973642531114112,"social_security","wealth_share_gap_top10_bottom50","outcome","dflmx_20260403T200845Z_propagate","2026-04-03T20:08:45Z","config_dflmx_poverty_outcomes_baseline","/Users/shanewray/Library/CloudStorage/OneDrive-Personal/Active/hw/1/1proj/code/econark-r/code/dflmx-R/config_dflmx_poverty_outcomes_baseline.R","propagate",0.965417068130992,"weak",FALSE,"outcome"
"qend__wealth_share_gap_top10_bottom50",4,137,1.88551565743027e-05,6.73446678255088e-05,0.779934505946657,-0.000113140392363695,0.0001508507055123,0.938262642891891,"social_security","wealth_share_gap_top10_bottom50","outcome","dflmx_20260403T200845Z_propagate","2026-04-03T20:08:45Z","config_dflmx_poverty_outcomes_baseline","/Users/shanewray/Library/CloudStorage/OneDrive-Personal/Active/hw/1/1proj/code/econark-r/code/dflmx-R/config_dflmx_poverty_outcomes_baseline.R","propagate",0.965417068130992,"weak",FALSE,"outcome"
"qend__wealth_share_gap_top10_bottom50",8,133,-2.99215921499153e-05,8.49177226586054e-05,0.725152497392903,-0.000196360328560782,0.000136517144260951,0.828953456719468,"social_security","wealth_share_gap_top10_bottom50","outcome","dflmx_20260403T200845Z_propagate","2026-04-03T20:08:45Z","config_dflmx_poverty_outcomes_baseline","/Users/shanewray/Library/CloudStorage/OneDrive-Personal/Active/hw/1/1proj/code/econark-r/code/dflmx-R/config_dflmx_poverty_outcomes_baseline.R","propagate",0.965417068130992,"weak",FALSE,"outcome"
"qend__wealth_share_gap_top1_bottom50",2,139,3.22494898128155e-05,6.12120522221366e-05,0.599176279778318,-8.77261325425723e-05,0.000152225112168203,0.9577358755557,"social_security","wealth_share_gap_top1_bottom50","outcome","dflmx_20260403T200845Z_propagate","2026-04-03T20:08:45Z","config_dflmx_poverty_outcomes_baseline","/Users/shanewray/Library/CloudStorage/OneDrive-Personal/Active/hw/1/1proj/code/econark-r/code/dflmx-R/config_dflmx_poverty_outcomes_baseline.R","propagate",0.965417068130992,"weak",FALSE,"outcome"
"qend__wealth_share_gap_top1_bottom50",4,137,-2.67844944406545e-05,7.63068770805797e-05,0.726144537005233,-0.000176345973518591,0.000122776984637282,0.923461456259137,"social_security","wealth_share_gap_top1_bottom50","outcome","dflmx_20260403T200845Z_propagate","2026-04-03T20:08:45Z","config_dflmx_poverty_outcomes_baseline","/Users/shanewray/Library/CloudStorage/OneDrive-Personal/Active/hw/1/1proj/code/econark-r/code/dflmx-R/config_dflmx_poverty_outcomes_baseline.R","propagate",0.965417068130992,"weak",FALSE,"outcome"
"qend__wealth_share_gap_top1_bottom50",8,133,-8.64706804476448e-06,0.000143774042943542,0.952135918244987,-0.000290444192214107,0.000273150056124578,0.843573296318136,"social_security","wealth_share_gap_top1_bottom50","outcome","dflmx_20260403T200845Z_propagate","2026-04-03T20:08:45Z","config_dflmx_poverty_outcomes_baseline","/Users/shanewray/Library/CloudStorage/OneDrive-Personal/Active/hw/1/1proj/code/econark-r/code/dflmx-R/config_dflmx_poverty_outcomes_baseline.R","propagate",0.994580316187998,"weak",FALSE,"outcome"
"qend__poverty_all_q",2,139,1.39712909174533e-05,7.69898159850503e-06,0.0718245806514518,-1.11871301561659e-06,2.90612948505231e-05,0.927672349918138,"snap_persons","poverty_all_q","outcome","dflmx_20260403T200845Z_propagate","2026-04-03T20:08:45Z","config_dflmx_poverty_outcomes_baseline","/Users/shanewray/Library/CloudStorage/OneDrive-Personal/Active/hw/1/1proj/code/econark-r/code/dflmx-R/config_dflmx_poverty_outcomes_baseline.R","propagate",0.337263248276382,"moderate",FALSE,"outcome"
"qend__poverty_all_q",4,137,2.52270029901919e-05,1.32539946883244e-05,0.059188650045312,-7.50826598923964e-07,5.12048325793077e-05,0.821716819604704,"snap_persons","poverty_all_q","outcome","dflmx_20260403T200845Z_propagate","2026-04-03T20:08:45Z","config_dflmx_poverty_outcomes_baseline","/Users/shanewray/Library/CloudStorage/OneDrive-Personal/Active/hw/1/1proj/code/econark-r/code/dflmx-R/config_dflmx_poverty_outcomes_baseline.R","propagate",0.298201909216426,"moderate",FALSE,"outcome"
"qend__poverty_all_q",8,133,2.9182499082195e-05,1.96302066114981e-05,0.139595750702279,-9.2927058763413e-06,6.76577040407313e-05,0.557441112024026,"snap_persons","poverty_all_q","outcome","dflmx_20260403T200845Z_propagate","2026-04-03T20:08:45Z","config_dflmx_poverty_outcomes_baseline","/Users/shanewray/Library/CloudStorage/OneDrive-Personal/Active/hw/1/1proj/code/econark-r/code/dflmx-R/config_dflmx_poverty_outcomes_baseline.R","propagate",0.456858820480186,"weak",FALSE,"outcome"
"qend__poverty_child_q",2,139,1.83921213912766e-05,1.20909566781637e-05,0.130596897607766,-5.3061536979243e-06,4.20903964804774e-05,0.948047787740254,"snap_persons","poverty_child_q","outcome","dflmx_20260403T200845Z_propagate","2026-04-03T20:08:45Z","config_dflmx_poverty_outcomes_baseline","/Users/shanewray/Library/CloudStorage/OneDrive-Personal/Active/hw/1/1proj/code/econark-r/code/dflmx-R/config_dflmx_poverty_outcomes_baseline.R","propagate",0.454982740052862,"weak",FALSE,"outcome"
"qend__poverty_child_q",4,137,3.33163067510693e-05,2.14969180132108e-05,0.123597784893403,-8.81765255482386e-06,7.54502660569625e-05,0.862708020302517,"snap_persons","poverty_child_q","outcome","dflmx_20260403T200845Z_propagate","2026-04-03T20:08:45Z","config_dflmx_poverty_outcomes_baseline","/Users/shanewray/Library/CloudStorage/OneDrive-Personal/Active/hw/1/1proj/code/econark-r/code/dflmx-R/config_dflmx_poverty_outcomes_baseline.R","propagate",0.454982740052862,"weak",FALSE,"outcome"
"qend__poverty_child_q",8,133,4.10147626412373e-05,3.00943327214849e-05,0.175334075790951,-1.79701294928731e-05,9.99996547753477e-05,0.645238600469455,"snap_persons","poverty_child_q","outcome","dflmx_20260403T200845Z_propagate","2026-04-03T20:08:45Z","config_dflmx_poverty_outcomes_baseline","/Users/shanewray/Library/CloudStorage/OneDrive-Personal/Active/hw/1/1proj/code/econark-r/code/dflmx-R/config_dflmx_poverty_outcomes_baseline.R","propagate",0.51178595095737,"weak",FALSE,"outcome"
"qend__gini_households_q",2,139,6.21653506260735e-08,5.65641664055895e-08,0.2737432581226,-4.87004155288818e-08,1.73031116781029e-07,0.954536588066842,"snap_persons","gini_households_q","outcome","dflmx_20260403T200845Z_propagate","2026-04-03T20:08:45Z","config_dflmx_poverty_outcomes_baseline","/Users/shanewray/Library/CloudStorage/OneDrive-Personal/Active/hw/1/1proj/code/econark-r/code/dflmx-R/config_dflmx_poverty_outcomes_baseline.R","propagate",0.73910679693102,"weak",FALSE,"outcome"
"qend__gini_households_q",4,137,9.18923185037361e-08,1.04000336444177e-07,0.378543204623382,-1.11948340926851e-07,2.95732977934323e-07,0.857556527121695,"snap_persons","gini_households_q","outcome","dflmx_20260403T200845Z_propagate","2026-04-03T20:08:45Z","config_dflmx_poverty_outcomes_baseline","/Users/shanewray/Library/CloudStorage/OneDrive-Personal/Active/hw/1/1proj/code/econark-r/code/dflmx-R/config_dflmx_poverty_outcomes_baseline.R","propagate",0.830302574757102,"weak",FALSE,"outcome"
"qend__gini_households_q",8,133,-1.32264847246755e-08,1.08517448108089e-07,0.90318394292254,-2.25920683016529e-07,1.99467713567178e-07,0.785761608455953,"snap_persons","gini_households_q","outcome","dflmx_20260403T200845Z_propagate","2026-04-03T20:08:45Z","config_dflmx_poverty_outcomes_baseline","/Users/shanewray/Library/CloudStorage/OneDrive-Personal/Active/hw/1/1proj/code/econark-r/code/dflmx-R/config_dflmx_poverty_outcomes_baseline.R","propagate",0.993157948982456,"weak",FALSE,"outcome"
"qend__median_real_income_fred_q",2,139,-0.00565408280693595,0.0302834885170191,0.852176324415854,-0.0650097203002933,0.0537015546864214,0.95876150504231,"snap_persons","median_real_income_fred_q","outcome","dflmx_20260403T200845Z_propagate","2026-04-03T20:08:45Z","config_dflmx_poverty_outcomes_baseline","/Users/shanewray/Library/CloudStorage/OneDrive-Personal/Active/hw/1/1proj/code/econark-r/code/dflmx-R/config_dflmx_poverty_outcomes_baseline.R","propagate",0.988103732959231,"weak",FALSE,"outcome"
"qend__median_real_income_fred_q",4,137,-0.00591459750208099,0.0580109320701558,0.91894701883795,-0.119616024359586,0.107786829355424,0.889443168635393,"snap_persons","median_real_income_fred_q","outcome","dflmx_20260403T200845Z_propagate","2026-04-03T20:08:45Z","config_dflmx_poverty_outcomes_baseline","/Users/shanewray/Library/CloudStorage/OneDrive-Personal/Active/hw/1/1proj/code/econark-r/code/dflmx-R/config_dflmx_poverty_outcomes_baseline.R","propagate",0.993157948982456,"weak",FALSE,"outcome"
"qend__median_real_income_fred_q",8,133,-0.0257080145158828,0.0774592954250337,0.740518941313696,-0.177528233548949,0.126112204517183,0.798560051483751,"snap_persons","median_real_income_fred_q","outcome","dflmx_20260403T200845Z_propagate","2026-04-03T20:08:45Z","config_dflmx_poverty_outcomes_baseline","/Users/shanewray/Library/CloudStorage/OneDrive-Personal/Active/hw/1/1proj/code/econark-r/code/dflmx-R/config_dflmx_poverty_outcomes_baseline.R","propagate",0.965417068130992,"weak",FALSE,"outcome"
"qend__wealth_share_gap_top10_bottom50",2,139,-1.6442181813177e-05,1.00133505686815e-05,0.102947062389404,-3.60683489277929e-05,3.18398530143878e-06,0.974015743969337,"snap_persons","wealth_share_gap_top10_bottom50","outcome","dflmx_20260403T200845Z_propagate","2026-04-03T20:08:45Z","config_dflmx_poverty_outcomes_baseline","/Users/shanewray/Library/CloudStorage/OneDrive-Personal/Active/hw/1/1proj/code/econark-r/code/dflmx-R/config_dflmx_poverty_outcomes_baseline.R","propagate",0.405851580903867,"weak",FALSE,"outcome"
"qend__wealth_share_gap_top10_bottom50",4,137,-2.7181391419299e-05,1.40375005743198e-05,0.0549793147065461,-5.46948925449658e-05,3.32109706367928e-07,0.938695807730482,"snap_persons","wealth_share_gap_top10_bottom50","outcome","dflmx_20260403T200845Z_propagate","2026-04-03T20:08:45Z","config_dflmx_poverty_outcomes_baseline","/Users/shanewray/Library/CloudStorage/OneDrive-Personal/Active/hw/1/1proj/code/econark-r/code/dflmx-R/config_dflmx_poverty_outcomes_baseline.R","propagate",0.296888299415349,"moderate",FALSE,"outcome"
"qend__wealth_share_gap_top10_bottom50",8,133,-3.39704000391874e-05,2.3287335829822e-05,0.147102740733023,-7.96135782656385e-05,1.16727781872638e-05,0.830342811098944,"snap_persons","wealth_share_gap_top10_bottom50","outcome","dflmx_20260403T200845Z_propagate","2026-04-03T20:08:45Z","config_dflmx_poverty_outcomes_baseline","/Users/shanewray/Library/CloudStorage/OneDrive-Personal/Active/hw/1/1proj/code/econark-r/code/dflmx-R/config_dflmx_poverty_outcomes_baseline.R","propagate",0.46726752938725,"weak",FALSE,"outcome"
"qend__wealth_share_gap_top1_bottom50",2,139,2.55574956048204e-06,1.21609633540738e-05,0.83386431366869,-2.12797386135026e-05,2.63912377344667e-05,0.957474660669293,"snap_persons","wealth_share_gap_top1_bottom50","outcome","dflmx_20260403T200845Z_propagate","2026-04-03T20:08:45Z","config_dflmx_poverty_outcomes_baseline","/Users/shanewray/Library/CloudStorage/OneDrive-Personal/Active/hw/1/1proj/code/econark-r/code/dflmx-R/config_dflmx_poverty_outcomes_baseline.R","propagate",0.988103732959231,"weak",FALSE,"outcome"
"qend__wealth_share_gap_top1_bottom50",4,137,4.76506062124702e-06,1.66940494020015e-05,0.775761953773958,-2.7955276206676e-05,3.748539744917e-05,0.923301083489447,"snap_persons","wealth_share_gap_top1_bottom50","outcome","dflmx_20260403T200845Z_propagate","2026-04-03T20:08:45Z","config_dflmx_poverty_outcomes_baseline","/Users/shanewray/Library/CloudStorage/OneDrive-Personal/Active/hw/1/1proj/code/econark-r/code/dflmx-R/config_dflmx_poverty_outcomes_baseline.R","propagate",0.965417068130992,"weak",FALSE,"outcome"
"qend__wealth_share_gap_top1_bottom50",8,133,-1.69578741519784e-05,2.4844964787753e-05,0.496135768652757,-6.56540051359742e-05,3.17382568320174e-05,0.843324182394689,"snap_persons","wealth_share_gap_top1_bottom50","outcome","dflmx_20260403T200845Z_propagate","2026-04-03T20:08:45Z","config_dflmx_poverty_outcomes_baseline","/Users/shanewray/Library/CloudStorage/OneDrive-Personal/Active/hw/1/1proj/code/econark-r/code/dflmx-R/config_dflmx_poverty_outcomes_baseline.R","propagate",0.956833268116031,"weak",FALSE,"outcome"
"qend__poverty_all_q",2,139,-2.10939048929093e-09,2.88761921643483e-09,0.466372695632906,-7.76912415350319e-09,3.55034317492133e-09,0.926227018313844,"credit_composite","poverty_all_q","outcome","dflmx_20260403T200845Z_propagate","2026-04-03T20:08:45Z","config_dflmx_poverty_outcomes_baseline","/Users/shanewray/Library/CloudStorage/OneDrive-Personal/Active/hw/1/1proj/code/econark-r/code/dflmx-R/config_dflmx_poverty_outcomes_baseline.R","propagate",0.932745391265812,"weak",FALSE,"outcome"
"qend__poverty_all_q",4,137,-5.56310107399777e-09,5.2496254894281e-09,0.291224763137239,-1.58523670332769e-08,4.72616488528132e-09,0.815861144005348,"credit_composite","poverty_all_q","outcome","dflmx_20260403T200845Z_propagate","2026-04-03T20:08:45Z","config_dflmx_poverty_outcomes_baseline","/Users/shanewray/Library/CloudStorage/OneDrive-Personal/Active/hw/1/1proj/code/econark-r/code/dflmx-R/config_dflmx_poverty_outcomes_baseline.R","propagate",0.767128644361508,"weak",FALSE,"outcome"
"qend__poverty_all_q",8,133,-1.87083791011082e-09,8.52986666213678e-09,0.826746727669848,-1.85893765678989e-08,1.48477007476773e-08,0.548201436214223,"credit_composite","poverty_all_q","outcome","dflmx_20260403T200845Z_propagate","2026-04-03T20:08:45Z","config_dflmx_poverty_outcomes_baseline","/Users/shanewray/Library/CloudStorage/OneDrive-Personal/Active/hw/1/1proj/code/econark-r/code/dflmx-R/config_dflmx_poverty_outcomes_baseline.R","propagate",0.988103732959231,"weak",FALSE,"outcome"
"qend__poverty_child_q",2,139,-2.95770408690691e-09,4.49204089155343e-09,0.511398671730711,-1.17621042343516e-08,5.84669606053781e-09,0.947245421652984,"credit_composite","poverty_child_q","outcome","dflmx_20260403T200845Z_propagate","2026-04-03T20:08:45Z","config_dflmx_poverty_outcomes_baseline","/Users/shanewray/Library/CloudStorage/OneDrive-Personal/Active/hw/1/1proj/code/econark-r/code/dflmx-R/config_dflmx_poverty_outcomes_baseline.R","propagate",0.96220114779606,"weak",FALSE,"outcome"
"qend__poverty_child_q",4,137,-7.38424970073326e-09,8.74105948040759e-09,0.399775313771938,-2.45167262823321e-08,9.74822688086562e-09,0.859105501539082,"credit_composite","poverty_child_q","outcome","dflmx_20260403T200845Z_propagate","2026-04-03T20:08:45Z","config_dflmx_poverty_outcomes_baseline","/Users/shanewray/Library/CloudStorage/OneDrive-Personal/Active/hw/1/1proj/code/econark-r/code/dflmx-R/config_dflmx_poverty_outcomes_baseline.R","propagate",0.830302574757102,"weak",FALSE,"outcome"
"qend__poverty_child_q",8,133,-1.15939069930443e-10,1.38671140192447e-08,0.993342306677333,-2.729548254765e-08,2.70636044077891e-08,0.639652151164771,"credit_composite","poverty_child_q","outcome","dflmx_20260403T200845Z_propagate","2026-04-03T20:08:45Z","config_dflmx_poverty_outcomes_baseline","/Users/shanewray/Library/CloudStorage/OneDrive-Personal/Active/hw/1/1proj/code/econark-r/code/dflmx-R/config_dflmx_poverty_outcomes_baseline.R","propagate",0.994580316187998,"weak",FALSE,"outcome"
"qend__gini_households_q",2,139,-9.30738043423381e-12,2.9963097804952e-11,0.756569625298836,-6.80350521319397e-11,4.94202912634721e-11,0.954223167306684,"credit_composite","gini_households_q","outcome","dflmx_20260403T200845Z_propagate","2026-04-03T20:08:45Z","config_dflmx_poverty_outcomes_baseline","/Users/shanewray/Library/CloudStorage/OneDrive-Personal/Active/hw/1/1proj/code/econark-r/code/dflmx-R/config_dflmx_poverty_outcomes_baseline.R","propagate",0.965417068130992,"weak",FALSE,"outcome"
"qend__gini_households_q",4,137,-3.35089456313217e-11,4.90578857188604e-11,0.495782028868035,-1.29662401640288e-10,6.26445103776447e-11,0.85694448954556,"credit_composite","gini_households_q","outcome","dflmx_20260403T200845Z_propagate","2026-04-03T20:08:45Z","config_dflmx_poverty_outcomes_baseline","/Users/shanewray/Library/CloudStorage/OneDrive-Personal/Active/hw/1/1proj/code/econark-r/code/dflmx-R/config_dflmx_poverty_outcomes_baseline.R","propagate",0.956833268116031,"weak",FALSE,"outcome"
"qend__gini_households_q",8,133,9.40961987192632e-12,5.42620586057781e-11,0.862604728346518,-9.69440149953987e-11,1.15763254739251e-10,0.787426398537408,"credit_composite","gini_households_q","outcome","dflmx_20260403T200845Z_propagate","2026-04-03T20:08:45Z","config_dflmx_poverty_outcomes_baseline","/Users/shanewray/Library/CloudStorage/OneDrive-Personal/Active/hw/1/1proj/code/econark-r/code/dflmx-R/config_dflmx_poverty_outcomes_baseline.R","propagate",0.988103732959231,"weak",FALSE,"outcome"
"qend__median_real_income_fred_q",2,139,-8.26986180066317e-06,9.27072511024504e-06,0.373982310310543,-2.64404830167435e-05,9.90075941541712e-06,0.958622197628529,"credit_composite","median_real_income_fred_q","outcome","dflmx_20260403T200845Z_propagate","2026-04-03T20:08:45Z","config_dflmx_poverty_outcomes_baseline","/Users/shanewray/Library/CloudStorage/OneDrive-Personal/Active/hw/1/1proj/code/econark-r/code/dflmx-R/config_dflmx_poverty_outcomes_baseline.R","propagate",0.830302574757102,"weak",FALSE,"outcome"
"qend__median_real_income_fred_q",4,137,-6.75252536354961e-06,1.66233591725644e-05,0.685253277823631,-3.93343093417759e-05,2.58292586146767e-05,0.88960675234257,"credit_composite","median_real_income_fred_q","outcome","dflmx_20260403T200845Z_propagate","2026-04-03T20:08:45Z","config_dflmx_poverty_outcomes_baseline","/Users/shanewray/Library/CloudStorage/OneDrive-Personal/Active/hw/1/1proj/code/econark-r/code/dflmx-R/config_dflmx_poverty_outcomes_baseline.R","propagate",0.965417068130992,"weak",FALSE,"outcome"
"qend__median_real_income_fred_q",8,133,1.50142783434255e-05,3.3784910168894e-05,0.657504136896512,-5.12041455876068e-05,8.12327022744577e-05,0.800627886068543,"credit_composite","median_real_income_fred_q","outcome","dflmx_20260403T200845Z_propagate","2026-04-03T20:08:45Z","config_dflmx_poverty_outcomes_baseline","/Users/shanewray/Library/CloudStorage/OneDrive-Personal/Active/hw/1/1proj/code/econark-r/code/dflmx-R/config_dflmx_poverty_outcomes_baseline.R","propagate",0.965417068130992,"weak",FALSE,"outcome"
"qend__wealth_share_gap_top10_bottom50",2,139,8.94685482150085e-09,4.03636551056492e-09,0.0283521521585836,1.03557842079361e-09,1.68581312222081e-08,0.973879651132691,"credit_composite","wealth_share_gap_top10_bottom50","outcome","dflmx_20260403T200845Z_propagate","2026-04-03T20:08:45Z","config_dflmx_poverty_outcomes_baseline","/Users/shanewray/Library/CloudStorage/OneDrive-Personal/Active/hw/1/1proj/code/econark-r/code/dflmx-R/config_dflmx_poverty_outcomes_baseline.R","propagate",0.183579825132661,"strong",FALSE,"outcome"
"qend__wealth_share_gap_top10_bottom50",4,137,1.2803964209472e-08,5.81444346882763e-09,0.0294083808830796,1.40765501056985e-09,2.42002734083741e-08,0.938876299262065,"credit_composite","wealth_share_gap_top10_bottom50","outcome","dflmx_20260403T200845Z_propagate","2026-04-03T20:08:45Z","config_dflmx_poverty_outcomes_baseline","/Users/shanewray/Library/CloudStorage/OneDrive-Personal/Active/hw/1/1proj/code/econark-r/code/dflmx-R/config_dflmx_poverty_outcomes_baseline.R","propagate",0.183579825132661,"strong",FALSE,"outcome"
"qend__wealth_share_gap_top10_bottom50",8,133,1.75659808213143e-08,1.22462702363731e-08,0.153917554187091,-6.436708841977e-09,4.15686704846055e-08,0.83033711704363,"credit_composite","wealth_share_gap_top10_bottom50","outcome","dflmx_20260403T200845Z_propagate","2026-04-03T20:08:45Z","config_dflmx_poverty_outcomes_baseline","/Users/shanewray/Library/CloudStorage/OneDrive-Personal/Active/hw/1/1proj/code/econark-r/code/dflmx-R/config_dflmx_poverty_outcomes_baseline.R","propagate",0.474945595777309,"weak",FALSE,"outcome"
"qend__wealth_share_gap_top1_bottom50",2,139,2.21164898516676e-10,3.86035312043052e-09,0.954399082482728,-7.34512721752713e-09,7.78745701456049e-09,0.958087906121794,"credit_composite","wealth_share_gap_top1_bottom50","outcome","dflmx_20260403T200845Z_propagate","2026-04-03T20:08:45Z","config_dflmx_poverty_outcomes_baseline","/Users/shanewray/Library/CloudStorage/OneDrive-Personal/Active/hw/1/1proj/code/econark-r/code/dflmx-R/config_dflmx_poverty_outcomes_baseline.R","propagate",0.994580316187998,"weak",FALSE,"outcome"
"qend__wealth_share_gap_top1_bottom50",4,137,-3.73127341282018e-09,5.00601253422904e-09,0.457390337837944,-1.35430579799091e-08,6.08051115426874e-09,0.924023975250554,"credit_composite","wealth_share_gap_top1_bottom50","outcome","dflmx_20260403T200845Z_propagate","2026-04-03T20:08:45Z","config_dflmx_poverty_outcomes_baseline","/Users/shanewray/Library/CloudStorage/OneDrive-Personal/Active/hw/1/1proj/code/econark-r/code/dflmx-R/config_dflmx_poverty_outcomes_baseline.R","propagate",0.93204068842449,"weak",FALSE,"outcome"
"qend__wealth_share_gap_top1_bottom50",8,133,2.2121107595515e-09,6.97022472485383e-09,0.751487240687434,-1.1449529701162e-08,1.5873751220265e-08,0.842935930099177,"credit_composite","wealth_share_gap_top1_bottom50","outcome","dflmx_20260403T200845Z_propagate","2026-04-03T20:08:45Z","config_dflmx_poverty_outcomes_baseline","/Users/shanewray/Library/CloudStorage/OneDrive-Personal/Active/hw/1/1proj/code/econark-r/code/dflmx-R/config_dflmx_poverty_outcomes_baseline.R","propagate",0.965417068130992,"weak",FALSE,"outcome"
