"treatment","outcome","horizon","state","coef","se","p","q","n_obs","state_source","provenance_run_id","provenance_run_timestamp_utc","provenance_config_id","provenance_config_path","provenance_stage_id"
"fed_funds","poverty_all_q",2,"expansion",-0.0526725937702692,0.101545145593787,0.593623427380668,0.974494562087496,139,"recession_state_unavailable","dflmx_20260403T200845Z_propagate","2026-04-03T20:08:45Z","config_dflmx_poverty_outcomes_baseline","/Users/shanewray/Library/CloudStorage/OneDrive-Personal/Active/hw/1/1proj/code/econark-r/code/dflmx-R/config_dflmx_poverty_outcomes_baseline.R","propagate"
"fed_funds","poverty_all_q",2,"recession",-0.0643776146081068,0.101545145593787,0.537087862868224,0.974494562087496,139,"recession_state_unavailable","dflmx_20260403T200845Z_propagate","2026-04-03T20:08:45Z","config_dflmx_poverty_outcomes_baseline","/Users/shanewray/Library/CloudStorage/OneDrive-Personal/Active/hw/1/1proj/code/econark-r/code/dflmx-R/config_dflmx_poverty_outcomes_baseline.R","propagate"
"fed_funds","poverty_all_q",4,"expansion",-0.156717597625973,0.173069200332638,0.332016662426937,0.84371293040257,137,"recession_state_unavailable","dflmx_20260403T200845Z_propagate","2026-04-03T20:08:45Z","config_dflmx_poverty_outcomes_baseline","/Users/shanewray/Library/CloudStorage/OneDrive-Personal/Active/hw/1/1proj/code/econark-r/code/dflmx-R/config_dflmx_poverty_outcomes_baseline.R","propagate"
"fed_funds","poverty_all_q",4,"recession",-0.191543730431745,0.173069200332638,0.300396027910086,0.791287097909495,137,"recession_state_unavailable","dflmx_20260403T200845Z_propagate","2026-04-03T20:08:45Z","config_dflmx_poverty_outcomes_baseline","/Users/shanewray/Library/CloudStorage/OneDrive-Personal/Active/hw/1/1proj/code/econark-r/code/dflmx-R/config_dflmx_poverty_outcomes_baseline.R","propagate"
"fed_funds","poverty_all_q",8,"expansion",-0.220289202648269,0.271494773634864,0.387453339403885,0.870052006434119,133,"recession_state_unavailable","dflmx_20260403T200845Z_propagate","2026-04-03T20:08:45Z","config_dflmx_poverty_outcomes_baseline","/Users/shanewray/Library/CloudStorage/OneDrive-Personal/Active/hw/1/1proj/code/econark-r/code/dflmx-R/config_dflmx_poverty_outcomes_baseline.R","propagate"
"fed_funds","poverty_all_q",8,"recession",-0.269242358792329,0.271494773634864,0.35055302136542,0.863514677747386,133,"recession_state_unavailable","dflmx_20260403T200845Z_propagate","2026-04-03T20:08:45Z","config_dflmx_poverty_outcomes_baseline","/Users/shanewray/Library/CloudStorage/OneDrive-Personal/Active/hw/1/1proj/code/econark-r/code/dflmx-R/config_dflmx_poverty_outcomes_baseline.R","propagate"
"fed_funds","poverty_child_q",2,"expansion",-0.0140106059794515,0.153924416699461,0.96557433016172,1,139,"recession_state_unavailable","dflmx_20260403T200845Z_propagate","2026-04-03T20:08:45Z","config_dflmx_poverty_outcomes_baseline","/Users/shanewray/Library/CloudStorage/OneDrive-Personal/Active/hw/1/1proj/code/econark-r/code/dflmx-R/config_dflmx_poverty_outcomes_baseline.R","propagate"
"fed_funds","poverty_child_q",2,"recession",-0.0171240739748852,0.153924416699461,0.873614870146318,0.990159300209732,139,"recession_state_unavailable","dflmx_20260403T200845Z_propagate","2026-04-03T20:08:45Z","config_dflmx_poverty_outcomes_baseline","/Users/shanewray/Library/CloudStorage/OneDrive-Personal/Active/hw/1/1proj/code/econark-r/code/dflmx-R/config_dflmx_poverty_outcomes_baseline.R","propagate"
"fed_funds","poverty_child_q",4,"expansion",-0.204756445760489,0.258157678258473,0.398773836282304,0.870052006434119,137,"recession_state_unavailable","dflmx_20260403T200845Z_propagate","2026-04-03T20:08:45Z","config_dflmx_poverty_outcomes_baseline","/Users/shanewray/Library/CloudStorage/OneDrive-Personal/Active/hw/1/1proj/code/econark-r/code/dflmx-R/config_dflmx_poverty_outcomes_baseline.R","propagate"
"fed_funds","poverty_child_q",4,"recession",-0.250257878151709,0.258157678258473,0.36079537568399,0.863514677747386,137,"recession_state_unavailable","dflmx_20260403T200845Z_propagate","2026-04-03T20:08:45Z","config_dflmx_poverty_outcomes_baseline","/Users/shanewray/Library/CloudStorage/OneDrive-Personal/Active/hw/1/1proj/code/econark-r/code/dflmx-R/config_dflmx_poverty_outcomes_baseline.R","propagate"
"fed_funds","poverty_child_q",8,"expansion",-0.467701860799206,0.41467300214845,0.223056539608577,0.633950165203323,133,"recession_state_unavailable","dflmx_20260403T200845Z_propagate","2026-04-03T20:08:45Z","config_dflmx_poverty_outcomes_baseline","/Users/shanewray/Library/CloudStorage/OneDrive-Personal/Active/hw/1/1proj/code/econark-r/code/dflmx-R/config_dflmx_poverty_outcomes_baseline.R","propagate"
"fed_funds","poverty_child_q",8,"recession",-0.571635607643473,0.41467300214845,0.201813059645855,0.581221611780062,133,"recession_state_unavailable","dflmx_20260403T200845Z_propagate","2026-04-03T20:08:45Z","config_dflmx_poverty_outcomes_baseline","/Users/shanewray/Library/CloudStorage/OneDrive-Personal/Active/hw/1/1proj/code/econark-r/code/dflmx-R/config_dflmx_poverty_outcomes_baseline.R","propagate"
"fed_funds","gini_households_q",2,"expansion",-5.22582076599449e-06,0.000853214837594717,1,1,139,"recession_state_unavailable","dflmx_20260403T200845Z_propagate","2026-04-03T20:08:45Z","config_dflmx_poverty_outcomes_baseline","/Users/shanewray/Library/CloudStorage/OneDrive-Personal/Active/hw/1/1proj/code/econark-r/code/dflmx-R/config_dflmx_poverty_outcomes_baseline.R","propagate"
"fed_funds","gini_households_q",2,"recession",-6.38711426954882e-06,0.000853214837594717,0.944851300378599,0.997297789145973,139,"recession_state_unavailable","dflmx_20260403T200845Z_propagate","2026-04-03T20:08:45Z","config_dflmx_poverty_outcomes_baseline","/Users/shanewray/Library/CloudStorage/OneDrive-Personal/Active/hw/1/1proj/code/econark-r/code/dflmx-R/config_dflmx_poverty_outcomes_baseline.R","propagate"
"fed_funds","gini_households_q",4,"expansion",-0.000119537317994599,0.00148329000728556,0.975225930459162,1,137,"recession_state_unavailable","dflmx_20260403T200845Z_propagate","2026-04-03T20:08:45Z","config_dflmx_poverty_outcomes_baseline","/Users/shanewray/Library/CloudStorage/OneDrive-Personal/Active/hw/1/1proj/code/econark-r/code/dflmx-R/config_dflmx_poverty_outcomes_baseline.R","propagate"
"fed_funds","gini_households_q",4,"recession",-0.000146101166437843,0.00148329000728556,0.882347270415432,0.992640679217361,137,"recession_state_unavailable","dflmx_20260403T200845Z_propagate","2026-04-03T20:08:45Z","config_dflmx_poverty_outcomes_baseline","/Users/shanewray/Library/CloudStorage/OneDrive-Personal/Active/hw/1/1proj/code/econark-r/code/dflmx-R/config_dflmx_poverty_outcomes_baseline.R","propagate"
"fed_funds","gini_households_q",8,"expansion",-0.000709932461139394,0.00155665049006646,0.643878249938536,0.974494562087496,133,"recession_state_unavailable","dflmx_20260403T200845Z_propagate","2026-04-03T20:08:45Z","config_dflmx_poverty_outcomes_baseline","/Users/shanewray/Library/CloudStorage/OneDrive-Personal/Active/hw/1/1proj/code/econark-r/code/dflmx-R/config_dflmx_poverty_outcomes_baseline.R","propagate"
"fed_funds","gini_households_q",8,"recession",-0.000867695230281482,0.00155665049006646,0.582556511849151,0.974494562087496,133,"recession_state_unavailable","dflmx_20260403T200845Z_propagate","2026-04-03T20:08:45Z","config_dflmx_poverty_outcomes_baseline","/Users/shanewray/Library/CloudStorage/OneDrive-Personal/Active/hw/1/1proj/code/econark-r/code/dflmx-R/config_dflmx_poverty_outcomes_baseline.R","propagate"
"fed_funds","median_real_income_fred_q",2,"expansion",781.071824504497,458.842706418151,0.0637820750268466,0.313112004677247,139,"recession_state_unavailable","dflmx_20260403T200845Z_propagate","2026-04-03T20:08:45Z","config_dflmx_poverty_outcomes_baseline","/Users/shanewray/Library/CloudStorage/OneDrive-Personal/Active/hw/1/1proj/code/econark-r/code/dflmx-R/config_dflmx_poverty_outcomes_baseline.R","propagate"
"fed_funds","median_real_income_fred_q",2,"recession",954.643341061052,458.842706418151,0.0577075916909564,0.296888299415349,139,"recession_state_unavailable","dflmx_20260403T200845Z_propagate","2026-04-03T20:08:45Z","config_dflmx_poverty_outcomes_baseline","/Users/shanewray/Library/CloudStorage/OneDrive-Personal/Active/hw/1/1proj/code/econark-r/code/dflmx-R/config_dflmx_poverty_outcomes_baseline.R","propagate"
"fed_funds","median_real_income_fred_q",4,"expansion",1065.97565113493,726.040390998808,0.110481819246052,0.426144159949059,137,"recession_state_unavailable","dflmx_20260403T200845Z_propagate","2026-04-03T20:08:45Z","config_dflmx_poverty_outcomes_baseline","/Users/shanewray/Library/CloudStorage/OneDrive-Personal/Active/hw/1/1proj/code/econark-r/code/dflmx-R/config_dflmx_poverty_outcomes_baseline.R","propagate"
"fed_funds","median_real_income_fred_q",4,"recession",1302.85912916492,726.040390998808,0.0999597412226188,0.407383096303503,137,"recession_state_unavailable","dflmx_20260403T200845Z_propagate","2026-04-03T20:08:45Z","config_dflmx_poverty_outcomes_baseline","/Users/shanewray/Library/CloudStorage/OneDrive-Personal/Active/hw/1/1proj/code/econark-r/code/dflmx-R/config_dflmx_poverty_outcomes_baseline.R","propagate"
"fed_funds","median_real_income_fred_q",8,"expansion",686.726219543702,886.98077329312,0.410833365176226,0.871817703494957,133,"recession_state_unavailable","dflmx_20260403T200845Z_propagate","2026-04-03T20:08:45Z","config_dflmx_poverty_outcomes_baseline","/Users/shanewray/Library/CloudStorage/OneDrive-Personal/Active/hw/1/1proj/code/econark-r/code/dflmx-R/config_dflmx_poverty_outcomes_baseline.R","propagate"
"fed_funds","median_real_income_fred_q",8,"recession",839.332046108969,886.98077329312,0.371706378016585,0.863514677747386,133,"recession_state_unavailable","dflmx_20260403T200845Z_propagate","2026-04-03T20:08:45Z","config_dflmx_poverty_outcomes_baseline","/Users/shanewray/Library/CloudStorage/OneDrive-Personal/Active/hw/1/1proj/code/econark-r/code/dflmx-R/config_dflmx_poverty_outcomes_baseline.R","propagate"
"fed_funds","wealth_share_gap_top10_bottom50",2,"expansion",-0.0680320388036941,0.188312740136857,0.723198441652773,0.974494562087496,139,"recession_state_unavailable","dflmx_20260403T200845Z_propagate","2026-04-03T20:08:45Z","config_dflmx_poverty_outcomes_baseline","/Users/shanewray/Library/CloudStorage/OneDrive-Personal/Active/hw/1/1proj/code/econark-r/code/dflmx-R/config_dflmx_poverty_outcomes_baseline.R","propagate"
"fed_funds","wealth_share_gap_top10_bottom50",2,"recession",-0.0831502696489594,0.188312740136857,0.654322399590604,0.974494562087496,139,"recession_state_unavailable","dflmx_20260403T200845Z_propagate","2026-04-03T20:08:45Z","config_dflmx_poverty_outcomes_baseline","/Users/shanewray/Library/CloudStorage/OneDrive-Personal/Active/hw/1/1proj/code/econark-r/code/dflmx-R/config_dflmx_poverty_outcomes_baseline.R","propagate"
"fed_funds","wealth_share_gap_top10_bottom50",4,"expansion",-0.0293900252637208,0.275521157350362,0.95112659520403,0.997297789145973,137,"recession_state_unavailable","dflmx_20260403T200845Z_propagate","2026-04-03T20:08:45Z","config_dflmx_poverty_outcomes_baseline","/Users/shanewray/Library/CloudStorage/OneDrive-Personal/Active/hw/1/1proj/code/econark-r/code/dflmx-R/config_dflmx_poverty_outcomes_baseline.R","propagate"
"fed_funds","wealth_share_gap_top10_bottom50",4,"recession",-0.035921141988992,0.275521157350362,0.860543109946503,0.990159300209732,137,"recession_state_unavailable","dflmx_20260403T200845Z_propagate","2026-04-03T20:08:45Z","config_dflmx_poverty_outcomes_baseline","/Users/shanewray/Library/CloudStorage/OneDrive-Personal/Active/hw/1/1proj/code/econark-r/code/dflmx-R/config_dflmx_poverty_outcomes_baseline.R","propagate"
"fed_funds","wealth_share_gap_top10_bottom50",8,"expansion",-0.113516133004383,0.396184821066755,0.788272277922672,0.974912973719166,133,"recession_state_unavailable","dflmx_20260403T200845Z_propagate","2026-04-03T20:08:45Z","config_dflmx_poverty_outcomes_baseline","/Users/shanewray/Library/CloudStorage/OneDrive-Personal/Active/hw/1/1proj/code/econark-r/code/dflmx-R/config_dflmx_poverty_outcomes_baseline.R","propagate"
"fed_funds","wealth_share_gap_top10_bottom50",8,"recession",-0.13874194033869,0.396184821066755,0.713198727644322,0.974494562087496,133,"recession_state_unavailable","dflmx_20260403T200845Z_propagate","2026-04-03T20:08:45Z","config_dflmx_poverty_outcomes_baseline","/Users/shanewray/Library/CloudStorage/OneDrive-Personal/Active/hw/1/1proj/code/econark-r/code/dflmx-R/config_dflmx_poverty_outcomes_baseline.R","propagate"
"fed_funds","wealth_share_gap_top1_bottom50",2,"expansion",0.0347413138227276,0.220708118367232,0.90449684977726,0.994125338707898,139,"recession_state_unavailable","dflmx_20260403T200845Z_propagate","2026-04-03T20:08:45Z","config_dflmx_poverty_outcomes_baseline","/Users/shanewray/Library/CloudStorage/OneDrive-Personal/Active/hw/1/1proj/code/econark-r/code/dflmx-R/config_dflmx_poverty_outcomes_baseline.R","propagate"
"fed_funds","wealth_share_gap_top1_bottom50",2,"recession",0.0424616057833338,0.220708118367232,0.818354292655617,0.974912973719166,139,"recession_state_unavailable","dflmx_20260403T200845Z_propagate","2026-04-03T20:08:45Z","config_dflmx_poverty_outcomes_baseline","/Users/shanewray/Library/CloudStorage/OneDrive-Personal/Active/hw/1/1proj/code/econark-r/code/dflmx-R/config_dflmx_poverty_outcomes_baseline.R","propagate"
"fed_funds","wealth_share_gap_top1_bottom50",4,"expansion",-0.00576497672687582,0.331938452743891,1,1,137,"recession_state_unavailable","dflmx_20260403T200845Z_propagate","2026-04-03T20:08:45Z","config_dflmx_poverty_outcomes_baseline","/Users/shanewray/Library/CloudStorage/OneDrive-Personal/Active/hw/1/1proj/code/econark-r/code/dflmx-R/config_dflmx_poverty_outcomes_baseline.R","propagate"
"fed_funds","wealth_share_gap_top1_bottom50",4,"recession",-0.00704608266618156,0.331938452743891,0.935401602231827,0.997297789145973,137,"recession_state_unavailable","dflmx_20260403T200845Z_propagate","2026-04-03T20:08:45Z","config_dflmx_poverty_outcomes_baseline","/Users/shanewray/Library/CloudStorage/OneDrive-Personal/Active/hw/1/1proj/code/econark-r/code/dflmx-R/config_dflmx_poverty_outcomes_baseline.R","propagate"
"fed_funds","wealth_share_gap_top1_bottom50",8,"expansion",-0.212105777282767,0.49181407407461,0.664257868701102,0.974494562087496,133,"recession_state_unavailable","dflmx_20260403T200845Z_propagate","2026-04-03T20:08:45Z","config_dflmx_poverty_outcomes_baseline","/Users/shanewray/Library/CloudStorage/OneDrive-Personal/Active/hw/1/1proj/code/econark-r/code/dflmx-R/config_dflmx_poverty_outcomes_baseline.R","propagate"
"fed_funds","wealth_share_gap_top1_bottom50",8,"recession",-0.259240394456715,0.49181407407461,0.600995214539092,0.974494562087496,133,"recession_state_unavailable","dflmx_20260403T200845Z_propagate","2026-04-03T20:08:45Z","config_dflmx_poverty_outcomes_baseline","/Users/shanewray/Library/CloudStorage/OneDrive-Personal/Active/hw/1/1proj/code/econark-r/code/dflmx-R/config_dflmx_poverty_outcomes_baseline.R","propagate"
"transfer_composite","poverty_all_q",2,"expansion",1.00856369373431e-06,2.14388896797793e-07,6.82651167832733e-07,1.4745265225187e-05,139,"recession_state_unavailable","dflmx_20260403T200845Z_propagate","2026-04-03T20:08:45Z","config_dflmx_poverty_outcomes_baseline","/Users/shanewray/Library/CloudStorage/OneDrive-Personal/Active/hw/1/1proj/code/econark-r/code/dflmx-R/config_dflmx_poverty_outcomes_baseline.R","propagate"
"transfer_composite","poverty_all_q",2,"recession",1.2326889590086e-06,2.14388896797793e-07,6.17636770896282e-07,1.4745265225187e-05,139,"recession_state_unavailable","dflmx_20260403T200845Z_propagate","2026-04-03T20:08:45Z","config_dflmx_poverty_outcomes_baseline","/Users/shanewray/Library/CloudStorage/OneDrive-Personal/Active/hw/1/1proj/code/econark-r/code/dflmx-R/config_dflmx_poverty_outcomes_baseline.R","propagate"
"transfer_composite","poverty_all_q",4,"expansion",1.75016969791284e-06,3.06561336275569e-07,3.53578164250653e-09,1.90932208695353e-07,137,"recession_state_unavailable","dflmx_20260403T200845Z_propagate","2026-04-03T20:08:45Z","config_dflmx_poverty_outcomes_baseline","/Users/shanewray/Library/CloudStorage/OneDrive-Personal/Active/hw/1/1proj/code/econark-r/code/dflmx-R/config_dflmx_poverty_outcomes_baseline.R","propagate"
"transfer_composite","poverty_all_q",4,"recession",2.13909629744902e-06,3.06561336275569e-07,3.19904053369639e-09,1.90932208695353e-07,137,"recession_state_unavailable","dflmx_20260403T200845Z_propagate","2026-04-03T20:08:45Z","config_dflmx_poverty_outcomes_baseline","/Users/shanewray/Library/CloudStorage/OneDrive-Personal/Active/hw/1/1proj/code/econark-r/code/dflmx-R/config_dflmx_poverty_outcomes_baseline.R","propagate"
"transfer_composite","poverty_all_q",8,"expansion",1.62740188520757e-06,7.36055543685653e-07,0.0161435665562303,0.145292099006072,133,"recession_state_unavailable","dflmx_20260403T200845Z_propagate","2026-04-03T20:08:45Z","config_dflmx_poverty_outcomes_baseline","/Users/shanewray/Library/CloudStorage/OneDrive-Personal/Active/hw/1/1proj/code/econark-r/code/dflmx-R/config_dflmx_poverty_outcomes_baseline.R","propagate"
"transfer_composite","poverty_all_q",8,"recession",1.98904674858703e-06,7.36055543685653e-07,0.0146060840270655,0.137170180428093,133,"recession_state_unavailable","dflmx_20260403T200845Z_propagate","2026-04-03T20:08:45Z","config_dflmx_poverty_outcomes_baseline","/Users/shanewray/Library/CloudStorage/OneDrive-Personal/Active/hw/1/1proj/code/econark-r/code/dflmx-R/config_dflmx_poverty_outcomes_baseline.R","propagate"
"transfer_composite","poverty_child_q",2,"expansion",1.76803258017689e-06,4.10881491707341e-07,4.78168549720365e-06,8.60703389496657e-05,139,"recession_state_unavailable","dflmx_20260403T200845Z_propagate","2026-04-03T20:08:45Z","config_dflmx_poverty_outcomes_baseline","/Users/shanewray/Library/CloudStorage/OneDrive-Personal/Active/hw/1/1proj/code/econark-r/code/dflmx-R/config_dflmx_poverty_outcomes_baseline.R","propagate"
"transfer_composite","poverty_child_q",2,"recession",2.16092870910509e-06,4.10881491707341e-07,4.32628687842235e-06,8.49525423399297e-05,139,"recession_state_unavailable","dflmx_20260403T200845Z_propagate","2026-04-03T20:08:45Z","config_dflmx_poverty_outcomes_baseline","/Users/shanewray/Library/CloudStorage/OneDrive-Personal/Active/hw/1/1proj/code/econark-r/code/dflmx-R/config_dflmx_poverty_outcomes_baseline.R","propagate"
"transfer_composite","poverty_child_q",4,"expansion",3.07747129130407e-06,5.66712062286966e-07,1.61473887678291e-08,5.81305995641848e-07,137,"recession_state_unavailable","dflmx_20260403T200845Z_propagate","2026-04-03T20:08:45Z","config_dflmx_poverty_outcomes_baseline","/Users/shanewray/Library/CloudStorage/OneDrive-Personal/Active/hw/1/1proj/code/econark-r/code/dflmx-R/config_dflmx_poverty_outcomes_baseline.R","propagate"
"transfer_composite","poverty_child_q",4,"recession",3.76135380048275e-06,5.66712062286966e-07,1.4609542218512e-08,5.81305995641848e-07,137,"recession_state_unavailable","dflmx_20260403T200845Z_propagate","2026-04-03T20:08:45Z","config_dflmx_poverty_outcomes_baseline","/Users/shanewray/Library/CloudStorage/OneDrive-Personal/Active/hw/1/1proj/code/econark-r/code/dflmx-R/config_dflmx_poverty_outcomes_baseline.R","propagate"
"transfer_composite","poverty_child_q",8,"expansion",2.78314409376569e-06,1.41417748623197e-06,0.0321264693982156,0.192758816389294,133,"recession_state_unavailable","dflmx_20260403T200845Z_propagate","2026-04-03T20:08:45Z","config_dflmx_poverty_outcomes_baseline","/Users/shanewray/Library/CloudStorage/OneDrive-Personal/Active/hw/1/1proj/code/econark-r/code/dflmx-R/config_dflmx_poverty_outcomes_baseline.R","propagate"
"transfer_composite","poverty_child_q",8,"recession",3.40162055904695e-06,1.41417748623197e-06,0.0290668056460046,0.189125532634317,133,"recession_state_unavailable","dflmx_20260403T200845Z_propagate","2026-04-03T20:08:45Z","config_dflmx_poverty_outcomes_baseline","/Users/shanewray/Library/CloudStorage/OneDrive-Personal/Active/hw/1/1proj/code/econark-r/code/dflmx-R/config_dflmx_poverty_outcomes_baseline.R","propagate"
"transfer_composite","gini_households_q",2,"expansion",8.89340820937262e-09,1.69885292182346e-09,4.46070125593791e-08,1.20438933910324e-06,139,"recession_state_unavailable","dflmx_20260403T200845Z_propagate","2026-04-03T20:08:45Z","config_dflmx_poverty_outcomes_baseline","/Users/shanewray/Library/CloudStorage/OneDrive-Personal/Active/hw/1/1proj/code/econark-r/code/dflmx-R/config_dflmx_poverty_outcomes_baseline.R","propagate"
"transfer_composite","gini_households_q",2,"recession",1.08697211447888e-08,1.69885292182346e-09,4.03587256489621e-08,1.20438933910324e-06,139,"recession_state_unavailable","dflmx_20260403T200845Z_propagate","2026-04-03T20:08:45Z","config_dflmx_poverty_outcomes_baseline","/Users/shanewray/Library/CloudStorage/OneDrive-Personal/Active/hw/1/1proj/code/econark-r/code/dflmx-R/config_dflmx_poverty_outcomes_baseline.R","propagate"
"transfer_composite","gini_households_q",4,"expansion",1.4874449368943e-08,2.18848312685905e-09,6.83551283189151e-12,7.38235385844284e-10,137,"recession_state_unavailable","dflmx_20260403T200845Z_propagate","2026-04-03T20:08:45Z","config_dflmx_poverty_outcomes_baseline","/Users/shanewray/Library/CloudStorage/OneDrive-Personal/Active/hw/1/1proj/code/econark-r/code/dflmx-R/config_dflmx_poverty_outcomes_baseline.R","propagate"
"transfer_composite","gini_households_q",4,"recession",1.81798825620414e-08,2.18848312685905e-09,6.18451160980661e-12,7.38235385844284e-10,137,"recession_state_unavailable","dflmx_20260403T200845Z_propagate","2026-04-03T20:08:45Z","config_dflmx_poverty_outcomes_baseline","/Users/shanewray/Library/CloudStorage/OneDrive-Personal/Active/hw/1/1proj/code/econark-r/code/dflmx-R/config_dflmx_poverty_outcomes_baseline.R","propagate"
"transfer_composite","gini_households_q",8,"expansion",9.98259725123878e-09,2.97290278507517e-09,0.000300727621439387,0.00360873145727265,133,"recession_state_unavailable","dflmx_20260403T200845Z_propagate","2026-04-03T20:08:45Z","config_dflmx_poverty_outcomes_baseline","/Users/shanewray/Library/CloudStorage/OneDrive-Personal/Active/hw/1/1proj/code/econark-r/code/dflmx-R/config_dflmx_poverty_outcomes_baseline.R","propagate"
"transfer_composite","gini_households_q",8,"recession",1.22009521959585e-08,2.97290278507517e-09,0.000272086895588017,0.00345710408511834,133,"recession_state_unavailable","dflmx_20260403T200845Z_propagate","2026-04-03T20:08:45Z","config_dflmx_poverty_outcomes_baseline","/Users/shanewray/Library/CloudStorage/OneDrive-Personal/Active/hw/1/1proj/code/econark-r/code/dflmx-R/config_dflmx_poverty_outcomes_baseline.R","propagate"
"transfer_composite","median_real_income_fred_q",2,"expansion",0.00167968028993551,0.00109671376022787,0.0956994688111801,0.407383096303503,139,"recession_state_unavailable","dflmx_20260403T200845Z_propagate","2026-04-03T20:08:45Z","config_dflmx_poverty_outcomes_baseline","/Users/shanewray/Library/CloudStorage/OneDrive-Personal/Active/hw/1/1proj/code/econark-r/code/dflmx-R/config_dflmx_poverty_outcomes_baseline.R","propagate"
"transfer_composite","median_real_income_fred_q",2,"recession",0.00205294257658785,0.00109671376022787,0.0865852336863058,0.381681846453919,139,"recession_state_unavailable","dflmx_20260403T200845Z_propagate","2026-04-03T20:08:45Z","config_dflmx_poverty_outcomes_baseline","/Users/shanewray/Library/CloudStorage/OneDrive-Personal/Active/hw/1/1proj/code/econark-r/code/dflmx-R/config_dflmx_poverty_outcomes_baseline.R","propagate"
"transfer_composite","median_real_income_fred_q",4,"expansion",0.000628370697730173,0.00114790442739496,0.571292600819851,0.974494562087496,137,"recession_state_unavailable","dflmx_20260403T200845Z_propagate","2026-04-03T20:08:45Z","config_dflmx_poverty_outcomes_baseline","/Users/shanewray/Library/CloudStorage/OneDrive-Personal/Active/hw/1/1proj/code/econark-r/code/dflmx-R/config_dflmx_poverty_outcomes_baseline.R","propagate"
"transfer_composite","median_real_income_fred_q",4,"recession",0.0007680086305591,0.00114790442739496,0.516883781694151,0.970030968365907,137,"recession_state_unavailable","dflmx_20260403T200845Z_propagate","2026-04-03T20:08:45Z","config_dflmx_poverty_outcomes_baseline","/Users/shanewray/Library/CloudStorage/OneDrive-Personal/Active/hw/1/1proj/code/econark-r/code/dflmx-R/config_dflmx_poverty_outcomes_baseline.R","propagate"
"transfer_composite","median_real_income_fred_q",8,"expansion",-0.00463432687534571,0.0016011537239398,0.00173162456742697,0.0187015453282113,133,"recession_state_unavailable","dflmx_20260403T200845Z_propagate","2026-04-03T20:08:45Z","config_dflmx_poverty_outcomes_baseline","/Users/shanewray/Library/CloudStorage/OneDrive-Personal/Active/hw/1/1proj/code/econark-r/code/dflmx-R/config_dflmx_poverty_outcomes_baseline.R","propagate"
"transfer_composite","median_real_income_fred_q",8,"recession",-0.00566417729208921,0.0016011537239398,0.00156670794195774,0.0178109955506774,133,"recession_state_unavailable","dflmx_20260403T200845Z_propagate","2026-04-03T20:08:45Z","config_dflmx_poverty_outcomes_baseline","/Users/shanewray/Library/CloudStorage/OneDrive-Personal/Active/hw/1/1proj/code/econark-r/code/dflmx-R/config_dflmx_poverty_outcomes_baseline.R","propagate"
"transfer_composite","wealth_share_gap_top10_bottom50",2,"expansion",-4.21994388483224e-07,9.51178307441351e-07,0.654004383233979,0.974494562087496,139,"recession_state_unavailable","dflmx_20260403T200845Z_propagate","2026-04-03T20:08:45Z","config_dflmx_poverty_outcomes_baseline","/Users/shanewray/Library/CloudStorage/OneDrive-Personal/Active/hw/1/1proj/code/econark-r/code/dflmx-R/config_dflmx_poverty_outcomes_baseline.R","propagate"
"transfer_composite","wealth_share_gap_top10_bottom50",2,"recession",-5.15770919257274e-07,9.51178307441351e-07,0.591718251497409,0.974494562087496,139,"recession_state_unavailable","dflmx_20260403T200845Z_propagate","2026-04-03T20:08:45Z","config_dflmx_poverty_outcomes_baseline","/Users/shanewray/Library/CloudStorage/OneDrive-Personal/Active/hw/1/1proj/code/econark-r/code/dflmx-R/config_dflmx_poverty_outcomes_baseline.R","propagate"
"transfer_composite","wealth_share_gap_top10_bottom50",4,"expansion",-8.34457779440619e-07,1.09118099234952e-06,0.416894848280309,0.871817703494957,137,"recession_state_unavailable","dflmx_20260403T200845Z_propagate","2026-04-03T20:08:45Z","config_dflmx_poverty_outcomes_baseline","/Users/shanewray/Library/CloudStorage/OneDrive-Personal/Active/hw/1/1proj/code/econark-r/code/dflmx-R/config_dflmx_poverty_outcomes_baseline.R","propagate"
"transfer_composite","wealth_share_gap_top10_bottom50",4,"recession",-1.01989284153853e-06,1.09118099234952e-06,0.377190577015517,0.863514677747386,137,"recession_state_unavailable","dflmx_20260403T200845Z_propagate","2026-04-03T20:08:45Z","config_dflmx_poverty_outcomes_baseline","/Users/shanewray/Library/CloudStorage/OneDrive-Personal/Active/hw/1/1proj/code/econark-r/code/dflmx-R/config_dflmx_poverty_outcomes_baseline.R","propagate"
"transfer_composite","wealth_share_gap_top10_bottom50",8,"expansion",-1.94076539414268e-06,1.31548821354387e-06,0.108819243433914,0.426144159949059,133,"recession_state_unavailable","dflmx_20260403T200845Z_propagate","2026-04-03T20:08:45Z","config_dflmx_poverty_outcomes_baseline","/Users/shanewray/Library/CloudStorage/OneDrive-Personal/Active/hw/1/1proj/code/econark-r/code/dflmx-R/config_dflmx_poverty_outcomes_baseline.R","propagate"
"transfer_composite","wealth_share_gap_top10_bottom50",8,"recession",-2.37204659284106e-06,1.31548821354387e-06,0.0984555059640172,0.407383096303503,133,"recession_state_unavailable","dflmx_20260403T200845Z_propagate","2026-04-03T20:08:45Z","config_dflmx_poverty_outcomes_baseline","/Users/shanewray/Library/CloudStorage/OneDrive-Personal/Active/hw/1/1proj/code/econark-r/code/dflmx-R/config_dflmx_poverty_outcomes_baseline.R","propagate"
"transfer_composite","wealth_share_gap_top1_bottom50",2,"expansion",1.85799591195611e-06,5.00580324332083e-07,6.84403457994181e-05,0.00105593676376245,139,"recession_state_unavailable","dflmx_20260403T200845Z_propagate","2026-04-03T20:08:45Z","config_dflmx_poverty_outcomes_baseline","/Users/shanewray/Library/CloudStorage/OneDrive-Personal/Active/hw/1/1proj/code/econark-r/code/dflmx-R/config_dflmx_poverty_outcomes_baseline.R","propagate"
"transfer_composite","wealth_share_gap_top1_bottom50",2,"recession",2.2708838923908e-06,5.00580324332083e-07,6.19222176280449e-05,0.00102886146212752,139,"recession_state_unavailable","dflmx_20260403T200845Z_propagate","2026-04-03T20:08:45Z","config_dflmx_poverty_outcomes_baseline","/Users/shanewray/Library/CloudStorage/OneDrive-Personal/Active/hw/1/1proj/code/econark-r/code/dflmx-R/config_dflmx_poverty_outcomes_baseline.R","propagate"
"transfer_composite","wealth_share_gap_top1_bottom50",4,"expansion",2.02473845804625e-06,5.83450436710765e-07,0.000188940733437411,0.00255069990140505,137,"recession_state_unavailable","dflmx_20260403T200845Z_propagate","2026-04-03T20:08:45Z","config_dflmx_poverty_outcomes_baseline","/Users/shanewray/Library/CloudStorage/OneDrive-Personal/Active/hw/1/1proj/code/econark-r/code/dflmx-R/config_dflmx_poverty_outcomes_baseline.R","propagate"
"transfer_composite","wealth_share_gap_top1_bottom50",4,"recession",2.47468033761209e-06,5.83450436710765e-07,0.000170946377871943,0.00246162784135598,137,"recession_state_unavailable","dflmx_20260403T200845Z_propagate","2026-04-03T20:08:45Z","config_dflmx_poverty_outcomes_baseline","/Users/shanewray/Library/CloudStorage/OneDrive-Personal/Active/hw/1/1proj/code/econark-r/code/dflmx-R/config_dflmx_poverty_outcomes_baseline.R","propagate"
"transfer_composite","wealth_share_gap_top1_bottom50",8,"expansion",2.94601613011975e-08,9.43747969731629e-07,1,1,133,"recession_state_unavailable","dflmx_20260403T200845Z_propagate","2026-04-03T20:08:45Z","config_dflmx_poverty_outcomes_baseline","/Users/shanewray/Library/CloudStorage/OneDrive-Personal/Active/hw/1/1proj/code/econark-r/code/dflmx-R/config_dflmx_poverty_outcomes_baseline.R","propagate"
"transfer_composite","wealth_share_gap_top1_bottom50",8,"recession",3.60068638125747e-08,9.43747969731629e-07,0.923766418264275,0.997297789145973,133,"recession_state_unavailable","dflmx_20260403T200845Z_propagate","2026-04-03T20:08:45Z","config_dflmx_poverty_outcomes_baseline","/Users/shanewray/Library/CloudStorage/OneDrive-Personal/Active/hw/1/1proj/code/econark-r/code/dflmx-R/config_dflmx_poverty_outcomes_baseline.R","propagate"
"ui_benefits","poverty_all_q",2,"expansion",4.65897665107285e-06,2.9549761173862e-06,0.0862118471278344,0.381681846453919,139,"recession_state_unavailable","dflmx_20260403T200845Z_propagate","2026-04-03T20:08:45Z","config_dflmx_poverty_outcomes_baseline","/Users/shanewray/Library/CloudStorage/OneDrive-Personal/Active/hw/1/1proj/code/econark-r/code/dflmx-R/config_dflmx_poverty_outcomes_baseline.R","propagate"
"ui_benefits","poverty_all_q",2,"recession",5.6943047957557e-06,2.9549761173862e-06,0.0780011950204216,0.358473577115129,139,"recession_state_unavailable","dflmx_20260403T200845Z_propagate","2026-04-03T20:08:45Z","config_dflmx_poverty_outcomes_baseline","/Users/shanewray/Library/CloudStorage/OneDrive-Personal/Active/hw/1/1proj/code/econark-r/code/dflmx-R/config_dflmx_poverty_outcomes_baseline.R","propagate"
"ui_benefits","poverty_all_q",4,"expansion",8.86129192747408e-06,4.62959187393614e-06,0.0370835884523246,0.210790923834266,137,"recession_state_unavailable","dflmx_20260403T200845Z_propagate","2026-04-03T20:08:45Z","config_dflmx_poverty_outcomes_baseline","/Users/shanewray/Library/CloudStorage/OneDrive-Personal/Active/hw/1/1proj/code/econark-r/code/dflmx-R/config_dflmx_poverty_outcomes_baseline.R","propagate"
"ui_benefits","poverty_all_q",4,"recession",1.08304679113572e-05,4.62959187393614e-06,0.0335518181235318,0.195870073369807,137,"recession_state_unavailable","dflmx_20260403T200845Z_propagate","2026-04-03T20:08:45Z","config_dflmx_poverty_outcomes_baseline","/Users/shanewray/Library/CloudStorage/OneDrive-Personal/Active/hw/1/1proj/code/econark-r/code/dflmx-R/config_dflmx_poverty_outcomes_baseline.R","propagate"
"ui_benefits","poverty_all_q",8,"expansion",6.40438261546432e-06,8.29735028238968e-06,0.412353276446172,0.871817703494957,133,"recession_state_unavailable","dflmx_20260403T200845Z_propagate","2026-04-03T20:08:45Z","config_dflmx_poverty_outcomes_baseline","/Users/shanewray/Library/CloudStorage/OneDrive-Personal/Active/hw/1/1proj/code/econark-r/code/dflmx-R/config_dflmx_poverty_outcomes_baseline.R","propagate"
"ui_benefits","poverty_all_q",8,"recession",7.82757875223417e-06,8.29735028238968e-06,0.373081535832251,0.863514677747386,133,"recession_state_unavailable","dflmx_20260403T200845Z_propagate","2026-04-03T20:08:45Z","config_dflmx_poverty_outcomes_baseline","/Users/shanewray/Library/CloudStorage/OneDrive-Personal/Active/hw/1/1proj/code/econark-r/code/dflmx-R/config_dflmx_poverty_outcomes_baseline.R","propagate"
"ui_benefits","poverty_child_q",2,"expansion",6.47279465369052e-06,5.12231642744471e-06,0.170766159943093,0.505280692434357,139,"recession_state_unavailable","dflmx_20260403T200845Z_propagate","2026-04-03T20:08:45Z","config_dflmx_poverty_outcomes_baseline","/Users/shanewray/Library/CloudStorage/OneDrive-Personal/Active/hw/1/1proj/code/econark-r/code/dflmx-R/config_dflmx_poverty_outcomes_baseline.R","propagate"
"ui_benefits","poverty_child_q",2,"recession",7.91119346562175e-06,5.12231642744471e-06,0.154502716138989,0.476751238371736,139,"recession_state_unavailable","dflmx_20260403T200845Z_propagate","2026-04-03T20:08:45Z","config_dflmx_poverty_outcomes_baseline","/Users/shanewray/Library/CloudStorage/OneDrive-Personal/Active/hw/1/1proj/code/econark-r/code/dflmx-R/config_dflmx_poverty_outcomes_baseline.R","propagate"
"ui_benefits","poverty_child_q",4,"expansion",1.17898327581139e-05,8.60803822841443e-06,0.136989772172528,0.462802755897521,137,"recession_state_unavailable","dflmx_20260403T200845Z_propagate","2026-04-03T20:08:45Z","config_dflmx_poverty_outcomes_baseline","/Users/shanewray/Library/CloudStorage/OneDrive-Personal/Active/hw/1/1proj/code/econark-r/code/dflmx-R/config_dflmx_poverty_outcomes_baseline.R","propagate"
"ui_benefits","poverty_child_q",4,"recession",1.44097955932503e-05,8.60803822841443e-06,0.123943127203716,0.454211582866332,137,"recession_state_unavailable","dflmx_20260403T200845Z_propagate","2026-04-03T20:08:45Z","config_dflmx_poverty_outcomes_baseline","/Users/shanewray/Library/CloudStorage/OneDrive-Personal/Active/hw/1/1proj/code/econark-r/code/dflmx-R/config_dflmx_poverty_outcomes_baseline.R","propagate"
"ui_benefits","poverty_child_q",8,"expansion",6.28143708569013e-06,1.3343377507201e-05,0.631936767278604,0.974494562087496,133,"recession_state_unavailable","dflmx_20260403T200845Z_propagate","2026-04-03T20:08:45Z","config_dflmx_poverty_outcomes_baseline","/Users/shanewray/Library/CloudStorage/OneDrive-Personal/Active/hw/1/1proj/code/econark-r/code/dflmx-R/config_dflmx_poverty_outcomes_baseline.R","propagate"
"ui_benefits","poverty_child_q",8,"recession",7.67731199362127e-06,1.3343377507201e-05,0.571752313252071,0.974494562087496,133,"recession_state_unavailable","dflmx_20260403T200845Z_propagate","2026-04-03T20:08:45Z","config_dflmx_poverty_outcomes_baseline","/Users/shanewray/Library/CloudStorage/OneDrive-Personal/Active/hw/1/1proj/code/econark-r/code/dflmx-R/config_dflmx_poverty_outcomes_baseline.R","propagate"
"ui_benefits","gini_households_q",2,"expansion",4.88628359450141e-08,2.2819316368489e-08,0.0197089138269243,0.162270836377326,139,"recession_state_unavailable","dflmx_20260403T200845Z_propagate","2026-04-03T20:08:45Z","config_dflmx_poverty_outcomes_baseline","/Users/shanewray/Library/CloudStorage/OneDrive-Personal/Active/hw/1/1proj/code/econark-r/code/dflmx-R/config_dflmx_poverty_outcomes_baseline.R","propagate"
"ui_benefits","gini_households_q",2,"recession",5.9721243932795e-08,2.2819316368489e-08,0.0178318744148362,0.154067394944185,139,"recession_state_unavailable","dflmx_20260403T200845Z_propagate","2026-04-03T20:08:45Z","config_dflmx_poverty_outcomes_baseline","/Users/shanewray/Library/CloudStorage/OneDrive-Personal/Active/hw/1/1proj/code/econark-r/code/dflmx-R/config_dflmx_poverty_outcomes_baseline.R","propagate"
"ui_benefits","gini_households_q",4,"expansion",7.8054179058617e-08,3.90735992662137e-08,0.0295759992229343,0.189125532634317,137,"recession_state_unavailable","dflmx_20260403T200845Z_propagate","2026-04-03T20:08:45Z","config_dflmx_poverty_outcomes_baseline","/Users/shanewray/Library/CloudStorage/OneDrive-Personal/Active/hw/1/1proj/code/econark-r/code/dflmx-R/config_dflmx_poverty_outcomes_baseline.R","propagate"
"ui_benefits","gini_households_q",4,"recession",9.53995521827541e-08,3.90735992662137e-08,0.0267592373921787,0.189125532634317,137,"recession_state_unavailable","dflmx_20260403T200845Z_propagate","2026-04-03T20:08:45Z","config_dflmx_poverty_outcomes_baseline","/Users/shanewray/Library/CloudStorage/OneDrive-Personal/Active/hw/1/1proj/code/econark-r/code/dflmx-R/config_dflmx_poverty_outcomes_baseline.R","propagate"
"ui_benefits","gini_households_q",8,"expansion",-1.5247504069278e-08,4.81499000259653e-08,0.761808478627776,0.974494562087496,133,"recession_state_unavailable","dflmx_20260403T200845Z_propagate","2026-04-03T20:08:45Z","config_dflmx_poverty_outcomes_baseline","/Users/shanewray/Library/CloudStorage/OneDrive-Personal/Active/hw/1/1proj/code/econark-r/code/dflmx-R/config_dflmx_poverty_outcomes_baseline.R","propagate"
"ui_benefits","gini_households_q",8,"recession",-1.86358383068953e-08,4.81499000259653e-08,0.689255290187036,0.974494562087496,133,"recession_state_unavailable","dflmx_20260403T200845Z_propagate","2026-04-03T20:08:45Z","config_dflmx_poverty_outcomes_baseline","/Users/shanewray/Library/CloudStorage/OneDrive-Personal/Active/hw/1/1proj/code/econark-r/code/dflmx-R/config_dflmx_poverty_outcomes_baseline.R","propagate"
"ui_benefits","median_real_income_fred_q",2,"expansion",0.00536560694732664,0.0111427911869613,0.623194881214672,0.974494562087496,139,"recession_state_unavailable","dflmx_20260403T200845Z_propagate","2026-04-03T20:08:45Z","config_dflmx_poverty_outcomes_baseline","/Users/shanewray/Library/CloudStorage/OneDrive-Personal/Active/hw/1/1proj/code/econark-r/code/dflmx-R/config_dflmx_poverty_outcomes_baseline.R","propagate"
"ui_benefits","median_real_income_fred_q",2,"recession",0.00655796404673256,0.0111427911869613,0.563842987765655,0.974494562087496,139,"recession_state_unavailable","dflmx_20260403T200845Z_propagate","2026-04-03T20:08:45Z","config_dflmx_poverty_outcomes_baseline","/Users/shanewray/Library/CloudStorage/OneDrive-Personal/Active/hw/1/1proj/code/econark-r/code/dflmx-R/config_dflmx_poverty_outcomes_baseline.R","propagate"
"ui_benefits","median_real_income_fred_q",4,"expansion",-0.000309332595153297,0.0221378932848884,1,1,137,"recession_state_unavailable","dflmx_20260403T200845Z_propagate","2026-04-03T20:08:45Z","config_dflmx_poverty_outcomes_baseline","/Users/shanewray/Library/CloudStorage/OneDrive-Personal/Active/hw/1/1proj/code/econark-r/code/dflmx-R/config_dflmx_poverty_outcomes_baseline.R","propagate"
"ui_benefits","median_real_income_fred_q",4,"recession",-0.000378073171854029,0.0221378932848884,0.938254698365732,0.997297789145973,137,"recession_state_unavailable","dflmx_20260403T200845Z_propagate","2026-04-03T20:08:45Z","config_dflmx_poverty_outcomes_baseline","/Users/shanewray/Library/CloudStorage/OneDrive-Personal/Active/hw/1/1proj/code/econark-r/code/dflmx-R/config_dflmx_poverty_outcomes_baseline.R","propagate"
"ui_benefits","median_real_income_fred_q",8,"expansion",-0.0281214736923517,0.0358502091368259,0.404340208688026,0.871817703494957,133,"recession_state_unavailable","dflmx_20260403T200845Z_propagate","2026-04-03T20:08:45Z","config_dflmx_poverty_outcomes_baseline","/Users/shanewray/Library/CloudStorage/OneDrive-Personal/Active/hw/1/1proj/code/econark-r/code/dflmx-R/config_dflmx_poverty_outcomes_baseline.R","propagate"
"ui_benefits","median_real_income_fred_q",8,"recession",-0.0343706900684298,0.0358502091368259,0.365831617384405,0.863514677747386,133,"recession_state_unavailable","dflmx_20260403T200845Z_propagate","2026-04-03T20:08:45Z","config_dflmx_poverty_outcomes_baseline","/Users/shanewray/Library/CloudStorage/OneDrive-Personal/Active/hw/1/1proj/code/econark-r/code/dflmx-R/config_dflmx_poverty_outcomes_baseline.R","propagate"
"ui_benefits","wealth_share_gap_top10_bottom50",2,"expansion",-6.29846077112353e-06,4.70838020478658e-06,0.146531596984282,0.465592886165838,139,"recession_state_unavailable","dflmx_20260403T200845Z_propagate","2026-04-03T20:08:45Z","config_dflmx_poverty_outcomes_baseline","/Users/shanewray/Library/CloudStorage/OneDrive-Personal/Active/hw/1/1proj/code/econark-r/code/dflmx-R/config_dflmx_poverty_outcomes_baseline.R","propagate"
"ui_benefits","wealth_share_gap_top10_bottom50",2,"recession",-7.69811872026209e-06,4.70838020478658e-06,0.132576206795303,0.462016903937221,139,"recession_state_unavailable","dflmx_20260403T200845Z_propagate","2026-04-03T20:08:45Z","config_dflmx_poverty_outcomes_baseline","/Users/shanewray/Library/CloudStorage/OneDrive-Personal/Active/hw/1/1proj/code/econark-r/code/dflmx-R/config_dflmx_poverty_outcomes_baseline.R","propagate"
"ui_benefits","wealth_share_gap_top10_bottom50",4,"expansion",-7.92716595792356e-06,7.76595074727218e-06,0.27173110260845,0.742960989410445,137,"recession_state_unavailable","dflmx_20260403T200845Z_propagate","2026-04-03T20:08:45Z","config_dflmx_poverty_outcomes_baseline","/Users/shanewray/Library/CloudStorage/OneDrive-Personal/Active/hw/1/1proj/code/econark-r/code/dflmx-R/config_dflmx_poverty_outcomes_baseline.R","propagate"
"ui_benefits","wealth_share_gap_top10_bottom50",4,"recession",-9.68875839301768e-06,7.76595074727218e-06,0.245851949979074,0.68966261292831,137,"recession_state_unavailable","dflmx_20260403T200845Z_propagate","2026-04-03T20:08:45Z","config_dflmx_poverty_outcomes_baseline","/Users/shanewray/Library/CloudStorage/OneDrive-Personal/Active/hw/1/1proj/code/econark-r/code/dflmx-R/config_dflmx_poverty_outcomes_baseline.R","propagate"
"ui_benefits","wealth_share_gap_top10_bottom50",8,"expansion",-1.15295163196771e-05,1.34529613417745e-05,0.359918323957692,0.863514677747386,133,"recession_state_unavailable","dflmx_20260403T200845Z_propagate","2026-04-03T20:08:45Z","config_dflmx_poverty_outcomes_baseline","/Users/shanewray/Library/CloudStorage/OneDrive-Personal/Active/hw/1/1proj/code/econark-r/code/dflmx-R/config_dflmx_poverty_outcomes_baseline.R","propagate"
"ui_benefits","wealth_share_gap_top10_bottom50",8,"recession",-1.40916310573831e-05,1.34529613417745e-05,0.325640388342673,0.837360998595446,133,"recession_state_unavailable","dflmx_20260403T200845Z_propagate","2026-04-03T20:08:45Z","config_dflmx_poverty_outcomes_baseline","/Users/shanewray/Library/CloudStorage/OneDrive-Personal/Active/hw/1/1proj/code/econark-r/code/dflmx-R/config_dflmx_poverty_outcomes_baseline.R","propagate"
"ui_benefits","wealth_share_gap_top1_bottom50",2,"expansion",9.72925326002388e-06,4.64105644583667e-06,0.022418997131078,0.172946549296887,139,"recession_state_unavailable","dflmx_20260403T200845Z_propagate","2026-04-03T20:08:45Z","config_dflmx_poverty_outcomes_baseline","/Users/shanewray/Library/CloudStorage/OneDrive-Personal/Active/hw/1/1proj/code/econark-r/code/dflmx-R/config_dflmx_poverty_outcomes_baseline.R","propagate"
"ui_benefits","wealth_share_gap_top1_bottom50",2,"recession",1.18913095400292e-05,4.64105644583667e-06,0.0202838545471658,0.162270836377326,139,"recession_state_unavailable","dflmx_20260403T200845Z_propagate","2026-04-03T20:08:45Z","config_dflmx_poverty_outcomes_baseline","/Users/shanewray/Library/CloudStorage/OneDrive-Personal/Active/hw/1/1proj/code/econark-r/code/dflmx-R/config_dflmx_poverty_outcomes_baseline.R","propagate"
"ui_benefits","wealth_share_gap_top1_bottom50",4,"expansion",1.40032207005468e-05,5.18120551018303e-06,0.00336310597818952,0.0330195859676789,137,"recession_state_unavailable","dflmx_20260403T200845Z_propagate","2026-04-03T20:08:45Z","config_dflmx_poverty_outcomes_baseline","/Users/shanewray/Library/CloudStorage/OneDrive-Personal/Active/hw/1/1proj/code/econark-r/code/dflmx-R/config_dflmx_poverty_outcomes_baseline.R","propagate"
"ui_benefits","wealth_share_gap_top1_bottom50",4,"recession",1.71150475228905e-05,5.18120551018303e-06,0.0030428101707429,0.031297476041927,137,"recession_state_unavailable","dflmx_20260403T200845Z_propagate","2026-04-03T20:08:45Z","config_dflmx_poverty_outcomes_baseline","/Users/shanewray/Library/CloudStorage/OneDrive-Personal/Active/hw/1/1proj/code/econark-r/code/dflmx-R/config_dflmx_poverty_outcomes_baseline.R","propagate"
"ui_benefits","wealth_share_gap_top1_bottom50",8,"expansion",3.404814662e-06,9.59065769394325e-06,0.728598504767346,0.974494562087496,133,"recession_state_unavailable","dflmx_20260403T200845Z_propagate","2026-04-03T20:08:45Z","config_dflmx_poverty_outcomes_baseline","/Users/shanewray/Library/CloudStorage/OneDrive-Personal/Active/hw/1/1proj/code/econark-r/code/dflmx-R/config_dflmx_poverty_outcomes_baseline.R","propagate"
"ui_benefits","wealth_share_gap_top1_bottom50",8,"recession",4.16144014244445e-06,9.59065769394325e-06,0.65920817097998,0.974494562087496,133,"recession_state_unavailable","dflmx_20260403T200845Z_propagate","2026-04-03T20:08:45Z","config_dflmx_poverty_outcomes_baseline","/Users/shanewray/Library/CloudStorage/OneDrive-Personal/Active/hw/1/1proj/code/econark-r/code/dflmx-R/config_dflmx_poverty_outcomes_baseline.R","propagate"
"social_security","poverty_all_q",2,"expansion",1.67334673383102e-05,2.90002206039669e-05,0.548672533228681,0.974494562087496,139,"recession_state_unavailable","dflmx_20260403T200845Z_propagate","2026-04-03T20:08:45Z","config_dflmx_poverty_outcomes_baseline","/Users/shanewray/Library/CloudStorage/OneDrive-Personal/Active/hw/1/1proj/code/econark-r/code/dflmx-R/config_dflmx_poverty_outcomes_baseline.R","propagate"
"social_security","poverty_all_q",2,"recession",2.04520156357125e-05,2.90002206039669e-05,0.496418006254521,0.954537598831314,139,"recession_state_unavailable","dflmx_20260403T200845Z_propagate","2026-04-03T20:08:45Z","config_dflmx_poverty_outcomes_baseline","/Users/shanewray/Library/CloudStorage/OneDrive-Personal/Active/hw/1/1proj/code/econark-r/code/dflmx-R/config_dflmx_poverty_outcomes_baseline.R","propagate"
"social_security","poverty_all_q",4,"expansion",2.49710598236572e-05,5.79677299543644e-05,0.664642962947969,0.974494562087496,137,"recession_state_unavailable","dflmx_20260403T200845Z_propagate","2026-04-03T20:08:45Z","config_dflmx_poverty_outcomes_baseline","/Users/shanewray/Library/CloudStorage/OneDrive-Personal/Active/hw/1/1proj/code/econark-r/code/dflmx-R/config_dflmx_poverty_outcomes_baseline.R","propagate"
"social_security","poverty_all_q",4,"recession",3.05201842289144e-05,5.79677299543644e-05,0.601343633143401,0.974494562087496,137,"recession_state_unavailable","dflmx_20260403T200845Z_propagate","2026-04-03T20:08:45Z","config_dflmx_poverty_outcomes_baseline","/Users/shanewray/Library/CloudStorage/OneDrive-Personal/Active/hw/1/1proj/code/econark-r/code/dflmx-R/config_dflmx_poverty_outcomes_baseline.R","propagate"
"social_security","poverty_all_q",8,"expansion",3.32257137465149e-05,9.60142405182515e-05,0.736313652245341,0.974494562087496,133,"recession_state_unavailable","dflmx_20260403T200845Z_propagate","2026-04-03T20:08:45Z","config_dflmx_poverty_outcomes_baseline","/Users/shanewray/Library/CloudStorage/OneDrive-Personal/Active/hw/1/1proj/code/econark-r/code/dflmx-R/config_dflmx_poverty_outcomes_baseline.R","propagate"
"social_security","poverty_all_q",8,"recession",4.06092056901849e-05,9.60142405182515e-05,0.666188542507689,0.974494562087496,133,"recession_state_unavailable","dflmx_20260403T200845Z_propagate","2026-04-03T20:08:45Z","config_dflmx_poverty_outcomes_baseline","/Users/shanewray/Library/CloudStorage/OneDrive-Personal/Active/hw/1/1proj/code/econark-r/code/dflmx-R/config_dflmx_poverty_outcomes_baseline.R","propagate"
"social_security","poverty_child_q",2,"expansion",1.49974349206278e-05,4.25574166796731e-05,0.730809858467564,0.974494562087496,139,"recession_state_unavailable","dflmx_20260403T200845Z_propagate","2026-04-03T20:08:45Z","config_dflmx_poverty_outcomes_baseline","/Users/shanewray/Library/CloudStorage/OneDrive-Personal/Active/hw/1/1proj/code/econark-r/code/dflmx-R/config_dflmx_poverty_outcomes_baseline.R","propagate"
"social_security","poverty_child_q",2,"recession",1.83301982363229e-05,4.25574166796731e-05,0.661208919565891,0.974494562087496,139,"recession_state_unavailable","dflmx_20260403T200845Z_propagate","2026-04-03T20:08:45Z","config_dflmx_poverty_outcomes_baseline","/Users/shanewray/Library/CloudStorage/OneDrive-Personal/Active/hw/1/1proj/code/econark-r/code/dflmx-R/config_dflmx_poverty_outcomes_baseline.R","propagate"
"social_security","poverty_child_q",4,"expansion",1.30020047254364e-05,8.75332974201052e-05,0.912623586691512,0.995589367299832,137,"recession_state_unavailable","dflmx_20260403T200845Z_propagate","2026-04-03T20:08:45Z","config_dflmx_poverty_outcomes_baseline","/Users/shanewray/Library/CloudStorage/OneDrive-Personal/Active/hw/1/1proj/code/econark-r/code/dflmx-R/config_dflmx_poverty_outcomes_baseline.R","propagate"
"social_security","poverty_child_q",4,"recession",1.58913391088667e-05,8.75332974201052e-05,0.825707054625654,0.974912973719166,137,"recession_state_unavailable","dflmx_20260403T200845Z_propagate","2026-04-03T20:08:45Z","config_dflmx_poverty_outcomes_baseline","/Users/shanewray/Library/CloudStorage/OneDrive-Personal/Active/hw/1/1proj/code/econark-r/code/dflmx-R/config_dflmx_poverty_outcomes_baseline.R","propagate"
"social_security","poverty_child_q",8,"expansion",3.39834326252245e-05,0.000139203023605031,0.825967936067627,0.974912973719166,133,"recession_state_unavailable","dflmx_20260403T200845Z_propagate","2026-04-03T20:08:45Z","config_dflmx_poverty_outcomes_baseline","/Users/shanewray/Library/CloudStorage/OneDrive-Personal/Active/hw/1/1proj/code/econark-r/code/dflmx-R/config_dflmx_poverty_outcomes_baseline.R","propagate"
"social_security","poverty_child_q",8,"recession",4.15353065419411e-05,0.000139203023605031,0.747304323108805,0.974494562087496,133,"recession_state_unavailable","dflmx_20260403T200845Z_propagate","2026-04-03T20:08:45Z","config_dflmx_poverty_outcomes_baseline","/Users/shanewray/Library/CloudStorage/OneDrive-Personal/Active/hw/1/1proj/code/econark-r/code/dflmx-R/config_dflmx_poverty_outcomes_baseline.R","propagate"
"social_security","gini_households_q",2,"expansion",1.07496693995112e-07,1.87698920721761e-07,0.551929269499685,0.974494562087496,139,"recession_state_unavailable","dflmx_20260403T200845Z_propagate","2026-04-03T20:08:45Z","config_dflmx_poverty_outcomes_baseline","/Users/shanewray/Library/CloudStorage/OneDrive-Personal/Active/hw/1/1proj/code/econark-r/code/dflmx-R/config_dflmx_poverty_outcomes_baseline.R","propagate"
"social_security","gini_households_q",2,"recession",1.31384848216249e-07,1.87698920721761e-07,0.499364577166382,0.954537598831314,139,"recession_state_unavailable","dflmx_20260403T200845Z_propagate","2026-04-03T20:08:45Z","config_dflmx_poverty_outcomes_baseline","/Users/shanewray/Library/CloudStorage/OneDrive-Personal/Active/hw/1/1proj/code/econark-r/code/dflmx-R/config_dflmx_poverty_outcomes_baseline.R","propagate"
"social_security","gini_households_q",4,"expansion",1.26166990123615e-07,3.65306949225259e-07,0.736877279367858,0.974494562087496,137,"recession_state_unavailable","dflmx_20260403T200845Z_propagate","2026-04-03T20:08:45Z","config_dflmx_poverty_outcomes_baseline","/Users/shanewray/Library/CloudStorage/OneDrive-Personal/Active/hw/1/1proj/code/econark-r/code/dflmx-R/config_dflmx_poverty_outcomes_baseline.R","propagate"
"social_security","gini_households_q",4,"recession",1.54204099039973e-07,3.65306949225259e-07,0.666698490856634,0.974494562087496,137,"recession_state_unavailable","dflmx_20260403T200845Z_propagate","2026-04-03T20:08:45Z","config_dflmx_poverty_outcomes_baseline","/Users/shanewray/Library/CloudStorage/OneDrive-Personal/Active/hw/1/1proj/code/econark-r/code/dflmx-R/config_dflmx_poverty_outcomes_baseline.R","propagate"
"social_security","gini_households_q",8,"expansion",-2.62596511127434e-07,5.73398973003178e-07,0.642327480561018,0.974494562087496,133,"recession_state_unavailable","dflmx_20260403T200845Z_propagate","2026-04-03T20:08:45Z","config_dflmx_poverty_outcomes_baseline","/Users/shanewray/Library/CloudStorage/OneDrive-Personal/Active/hw/1/1proj/code/econark-r/code/dflmx-R/config_dflmx_poverty_outcomes_baseline.R","propagate"
"social_security","gini_households_q",8,"recession",-3.20951291377975e-07,5.73398973003178e-07,0.581153434793302,0.974494562087496,133,"recession_state_unavailable","dflmx_20260403T200845Z_propagate","2026-04-03T20:08:45Z","config_dflmx_poverty_outcomes_baseline","/Users/shanewray/Library/CloudStorage/OneDrive-Personal/Active/hw/1/1proj/code/econark-r/code/dflmx-R/config_dflmx_poverty_outcomes_baseline.R","propagate"
"social_security","median_real_income_fred_q",2,"expansion",0.0498753511562647,0.118419295591496,0.672598194650462,0.974494562087496,139,"recession_state_unavailable","dflmx_20260403T200845Z_propagate","2026-04-03T20:08:45Z","config_dflmx_poverty_outcomes_baseline","/Users/shanewray/Library/CloudStorage/OneDrive-Personal/Active/hw/1/1proj/code/econark-r/code/dflmx-R/config_dflmx_poverty_outcomes_baseline.R","propagate"
"social_security","median_real_income_fred_q",2,"recession",0.0609587625243235,0.118419295591496,0.60854122373137,0.974494562087496,139,"recession_state_unavailable","dflmx_20260403T200845Z_propagate","2026-04-03T20:08:45Z","config_dflmx_poverty_outcomes_baseline","/Users/shanewray/Library/CloudStorage/OneDrive-Personal/Active/hw/1/1proj/code/econark-r/code/dflmx-R/config_dflmx_poverty_outcomes_baseline.R","propagate"
"social_security","median_real_income_fred_q",4,"expansion",0.0292610114171019,0.234122782924942,0.934255840851233,0.997297789145973,137,"recession_state_unavailable","dflmx_20260403T200845Z_propagate","2026-04-03T20:08:45Z","config_dflmx_poverty_outcomes_baseline","/Users/shanewray/Library/CloudStorage/OneDrive-Personal/Active/hw/1/1proj/code/econark-r/code/dflmx-R/config_dflmx_poverty_outcomes_baseline.R","propagate"
"social_security","median_real_income_fred_q",4,"recession",0.0357634583986801,0.234122782924942,0.845279094103497,0.986920455818137,137,"recession_state_unavailable","dflmx_20260403T200845Z_propagate","2026-04-03T20:08:45Z","config_dflmx_poverty_outcomes_baseline","/Users/shanewray/Library/CloudStorage/OneDrive-Personal/Active/hw/1/1proj/code/econark-r/code/dflmx-R/config_dflmx_poverty_outcomes_baseline.R","propagate"
"social_security","median_real_income_fred_q",8,"expansion",-0.0706397564857898,0.309504675677678,0.840230041225724,0.986357004917154,133,"recession_state_unavailable","dflmx_20260403T200845Z_propagate","2026-04-03T20:08:45Z","config_dflmx_poverty_outcomes_baseline","/Users/shanewray/Library/CloudStorage/OneDrive-Personal/Active/hw/1/1proj/code/econark-r/code/dflmx-R/config_dflmx_poverty_outcomes_baseline.R","propagate"
"social_security","median_real_income_fred_q",8,"recession",-0.0863374801492986,0.309504675677678,0.760208132537559,0.974494562087496,133,"recession_state_unavailable","dflmx_20260403T200845Z_propagate","2026-04-03T20:08:45Z","config_dflmx_poverty_outcomes_baseline","/Users/shanewray/Library/CloudStorage/OneDrive-Personal/Active/hw/1/1proj/code/econark-r/code/dflmx-R/config_dflmx_poverty_outcomes_baseline.R","propagate"
"social_security","wealth_share_gap_top10_bottom50",2,"expansion",1.19034132768757e-05,4.43584154578433e-05,0.804346677148945,0.974912973719166,139,"recession_state_unavailable","dflmx_20260403T200845Z_propagate","2026-04-03T20:08:45Z","config_dflmx_poverty_outcomes_baseline","/Users/shanewray/Library/CloudStorage/OneDrive-Personal/Active/hw/1/1proj/code/econark-r/code/dflmx-R/config_dflmx_poverty_outcomes_baseline.R","propagate"
"social_security","wealth_share_gap_top10_bottom50",2,"recession",1.45486162272925e-05,4.43584154578433e-05,0.727742231706188,0.974494562087496,139,"recession_state_unavailable","dflmx_20260403T200845Z_propagate","2026-04-03T20:08:45Z","config_dflmx_poverty_outcomes_baseline","/Users/shanewray/Library/CloudStorage/OneDrive-Personal/Active/hw/1/1proj/code/econark-r/code/dflmx-R/config_dflmx_poverty_outcomes_baseline.R","propagate"
"social_security","wealth_share_gap_top10_bottom50",4,"expansion",1.69696409168724e-05,6.73446678255088e-05,0.81893123124399,0.974912973719166,137,"recession_state_unavailable","dflmx_20260403T200845Z_propagate","2026-04-03T20:08:45Z","config_dflmx_poverty_outcomes_baseline","/Users/shanewray/Library/CloudStorage/OneDrive-Personal/Active/hw/1/1proj/code/econark-r/code/dflmx-R/config_dflmx_poverty_outcomes_baseline.R","propagate"
"social_security","wealth_share_gap_top10_bottom50",4,"recession",2.07406722317329e-05,6.73446678255088e-05,0.740937780649324,0.974494562087496,137,"recession_state_unavailable","dflmx_20260403T200845Z_propagate","2026-04-03T20:08:45Z","config_dflmx_poverty_outcomes_baseline","/Users/shanewray/Library/CloudStorage/OneDrive-Personal/Active/hw/1/1proj/code/econark-r/code/dflmx-R/config_dflmx_poverty_outcomes_baseline.R","propagate"
"social_security","wealth_share_gap_top10_bottom50",8,"expansion",-2.69294329349237e-05,8.49177226586054e-05,0.761410122262548,0.974494562087496,133,"recession_state_unavailable","dflmx_20260403T200845Z_propagate","2026-04-03T20:08:45Z","config_dflmx_poverty_outcomes_baseline","/Users/shanewray/Library/CloudStorage/OneDrive-Personal/Active/hw/1/1proj/code/econark-r/code/dflmx-R/config_dflmx_poverty_outcomes_baseline.R","propagate"
"social_security","wealth_share_gap_top10_bottom50",8,"recession",-3.29137513649068e-05,8.49177226586054e-05,0.688894872523258,0.974494562087496,133,"recession_state_unavailable","dflmx_20260403T200845Z_propagate","2026-04-03T20:08:45Z","config_dflmx_poverty_outcomes_baseline","/Users/shanewray/Library/CloudStorage/OneDrive-Personal/Active/hw/1/1proj/code/econark-r/code/dflmx-R/config_dflmx_poverty_outcomes_baseline.R","propagate"
"social_security","wealth_share_gap_top1_bottom50",2,"expansion",2.90245408315339e-05,6.12120522221366e-05,0.629135093767234,0.974494562087496,139,"recession_state_unavailable","dflmx_20260403T200845Z_propagate","2026-04-03T20:08:45Z","config_dflmx_poverty_outcomes_baseline","/Users/shanewray/Library/CloudStorage/OneDrive-Personal/Active/hw/1/1proj/code/econark-r/code/dflmx-R/config_dflmx_poverty_outcomes_baseline.R","propagate"
"social_security","wealth_share_gap_top1_bottom50",2,"recession",3.5474438794097e-05,6.12120522221366e-05,0.569217465789402,0.974494562087496,139,"recession_state_unavailable","dflmx_20260403T200845Z_propagate","2026-04-03T20:08:45Z","config_dflmx_poverty_outcomes_baseline","/Users/shanewray/Library/CloudStorage/OneDrive-Personal/Active/hw/1/1proj/code/econark-r/code/dflmx-R/config_dflmx_poverty_outcomes_baseline.R","propagate"
"social_security","wealth_share_gap_top1_bottom50",4,"expansion",-2.4106044996589e-05,7.63068770805797e-05,0.762451763855495,0.974494562087496,137,"recession_state_unavailable","dflmx_20260403T200845Z_propagate","2026-04-03T20:08:45Z","config_dflmx_poverty_outcomes_baseline","/Users/shanewray/Library/CloudStorage/OneDrive-Personal/Active/hw/1/1proj/code/econark-r/code/dflmx-R/config_dflmx_poverty_outcomes_baseline.R","propagate"
"social_security","wealth_share_gap_top1_bottom50",4,"recession",-2.94629438847199e-05,7.63068770805797e-05,0.689837310154971,0.974494562087496,137,"recession_state_unavailable","dflmx_20260403T200845Z_propagate","2026-04-03T20:08:45Z","config_dflmx_poverty_outcomes_baseline","/Users/shanewray/Library/CloudStorage/OneDrive-Personal/Active/hw/1/1proj/code/econark-r/code/dflmx-R/config_dflmx_poverty_outcomes_baseline.R","propagate"
"social_security","wealth_share_gap_top1_bottom50",8,"expansion",-7.78236124028803e-06,0.000143774042943542,0.999742714157237,1,133,"recession_state_unavailable","dflmx_20260403T200845Z_propagate","2026-04-03T20:08:45Z","config_dflmx_poverty_outcomes_baseline","/Users/shanewray/Library/CloudStorage/OneDrive-Personal/Active/hw/1/1proj/code/econark-r/code/dflmx-R/config_dflmx_poverty_outcomes_baseline.R","propagate"
"social_security","wealth_share_gap_top1_bottom50",8,"recession",-9.51177484924093e-06,0.000143774042943542,0.904529122332738,0.994125338707898,133,"recession_state_unavailable","dflmx_20260403T200845Z_propagate","2026-04-03T20:08:45Z","config_dflmx_poverty_outcomes_baseline","/Users/shanewray/Library/CloudStorage/OneDrive-Personal/Active/hw/1/1proj/code/econark-r/code/dflmx-R/config_dflmx_poverty_outcomes_baseline.R","propagate"
"snap_persons","poverty_all_q",2,"expansion",1.25741618257079e-05,7.69898159850503e-06,0.0754158096840244,0.354126410690202,139,"recession_state_unavailable","dflmx_20260403T200845Z_propagate","2026-04-03T20:08:45Z","config_dflmx_poverty_outcomes_baseline","/Users/shanewray/Library/CloudStorage/OneDrive-Personal/Active/hw/1/1proj/code/econark-r/code/dflmx-R/config_dflmx_poverty_outcomes_baseline.R","propagate"
"snap_persons","poverty_all_q",2,"recession",1.53684200091986e-05,7.69898159850503e-06,0.0682333516188792,0.32752008777062,139,"recession_state_unavailable","dflmx_20260403T200845Z_propagate","2026-04-03T20:08:45Z","config_dflmx_poverty_outcomes_baseline","/Users/shanewray/Library/CloudStorage/OneDrive-Personal/Active/hw/1/1proj/code/econark-r/code/dflmx-R/config_dflmx_poverty_outcomes_baseline.R","propagate"
"snap_persons","poverty_all_q",4,"expansion",2.27043026911727e-05,1.32539946883244e-05,0.0621480825475776,0.31218571698318,137,"recession_state_unavailable","dflmx_20260403T200845Z_propagate","2026-04-03T20:08:45Z","config_dflmx_poverty_outcomes_baseline","/Users/shanewray/Library/CloudStorage/OneDrive-Personal/Active/hw/1/1proj/code/econark-r/code/dflmx-R/config_dflmx_poverty_outcomes_baseline.R","propagate"
"snap_persons","poverty_all_q",4,"recession",2.7749703289211e-05,1.32539946883244e-05,0.0562292175430464,0.296888299415349,137,"recession_state_unavailable","dflmx_20260403T200845Z_propagate","2026-04-03T20:08:45Z","config_dflmx_poverty_outcomes_baseline","/Users/shanewray/Library/CloudStorage/OneDrive-Personal/Active/hw/1/1proj/code/econark-r/code/dflmx-R/config_dflmx_poverty_outcomes_baseline.R","propagate"
"snap_persons","poverty_all_q",8,"expansion",2.62642491739755e-05,1.96302066114981e-05,0.146575538237393,0.465592886165838,133,"recession_state_unavailable","dflmx_20260403T200845Z_propagate","2026-04-03T20:08:45Z","config_dflmx_poverty_outcomes_baseline","/Users/shanewray/Library/CloudStorage/OneDrive-Personal/Active/hw/1/1proj/code/econark-r/code/dflmx-R/config_dflmx_poverty_outcomes_baseline.R","propagate"
"snap_persons","poverty_all_q",8,"recession",3.21007489904145e-05,1.96302066114981e-05,0.132615963167165,0.462016903937221,133,"recession_state_unavailable","dflmx_20260403T200845Z_propagate","2026-04-03T20:08:45Z","config_dflmx_poverty_outcomes_baseline","/Users/shanewray/Library/CloudStorage/OneDrive-Personal/Active/hw/1/1proj/code/econark-r/code/dflmx-R/config_dflmx_poverty_outcomes_baseline.R","propagate"
"snap_persons","poverty_child_q",2,"expansion",1.65529092521489e-05,1.20909566781637e-05,0.137126742488154,0.462802755897521,139,"recession_state_unavailable","dflmx_20260403T200845Z_propagate","2026-04-03T20:08:45Z","config_dflmx_poverty_outcomes_baseline","/Users/shanewray/Library/CloudStorage/OneDrive-Personal/Active/hw/1/1proj/code/econark-r/code/dflmx-R/config_dflmx_poverty_outcomes_baseline.R","propagate"
"snap_persons","poverty_child_q",2,"recession",2.02313335304042e-05,1.20909566781637e-05,0.124067052727378,0.454211582866332,139,"recession_state_unavailable","dflmx_20260403T200845Z_propagate","2026-04-03T20:08:45Z","config_dflmx_poverty_outcomes_baseline","/Users/shanewray/Library/CloudStorage/OneDrive-Personal/Active/hw/1/1proj/code/econark-r/code/dflmx-R/config_dflmx_poverty_outcomes_baseline.R","propagate"
"snap_persons","poverty_child_q",4,"expansion",2.99846760759624e-05,2.14969180132108e-05,0.129777674138073,0.462016903937221,137,"recession_state_unavailable","dflmx_20260403T200845Z_propagate","2026-04-03T20:08:45Z","config_dflmx_poverty_outcomes_baseline","/Users/shanewray/Library/CloudStorage/OneDrive-Personal/Active/hw/1/1proj/code/econark-r/code/dflmx-R/config_dflmx_poverty_outcomes_baseline.R","propagate"
"snap_persons","poverty_child_q",4,"recession",3.66479374261763e-05,2.14969180132108e-05,0.117417895648733,0.444952025616251,137,"recession_state_unavailable","dflmx_20260403T200845Z_propagate","2026-04-03T20:08:45Z","config_dflmx_poverty_outcomes_baseline","/Users/shanewray/Library/CloudStorage/OneDrive-Personal/Active/hw/1/1proj/code/econark-r/code/dflmx-R/config_dflmx_poverty_outcomes_baseline.R","propagate"
"snap_persons","poverty_child_q",8,"expansion",3.69132863771136e-05,3.00943327214849e-05,0.184100779580499,0.537375248505239,133,"recession_state_unavailable","dflmx_20260403T200845Z_propagate","2026-04-03T20:08:45Z","config_dflmx_poverty_outcomes_baseline","/Users/shanewray/Library/CloudStorage/OneDrive-Personal/Active/hw/1/1proj/code/econark-r/code/dflmx-R/config_dflmx_poverty_outcomes_baseline.R","propagate"
"snap_persons","poverty_child_q",8,"recession",4.5116238905361e-05,3.00943327214849e-05,0.166567372001403,0.49970211600421,133,"recession_state_unavailable","dflmx_20260403T200845Z_propagate","2026-04-03T20:08:45Z","config_dflmx_poverty_outcomes_baseline","/Users/shanewray/Library/CloudStorage/OneDrive-Personal/Active/hw/1/1proj/code/econark-r/code/dflmx-R/config_dflmx_poverty_outcomes_baseline.R","propagate"
"snap_persons","gini_households_q",2,"expansion",5.59488155634662e-08,5.65641664055895e-08,0.28743042102873,0.766481122743281,139,"recession_state_unavailable","dflmx_20260403T200845Z_propagate","2026-04-03T20:08:45Z","config_dflmx_poverty_outcomes_baseline","/Users/shanewray/Library/CloudStorage/OneDrive-Personal/Active/hw/1/1proj/code/econark-r/code/dflmx-R/config_dflmx_poverty_outcomes_baseline.R","propagate"
"snap_persons","gini_households_q",2,"recession",6.83818856886809e-08,5.65641664055895e-08,0.26005609521647,0.720155340599456,139,"recession_state_unavailable","dflmx_20260403T200845Z_propagate","2026-04-03T20:08:45Z","config_dflmx_poverty_outcomes_baseline","/Users/shanewray/Library/CloudStorage/OneDrive-Personal/Active/hw/1/1proj/code/econark-r/code/dflmx-R/config_dflmx_poverty_outcomes_baseline.R","propagate"
"snap_persons","gini_households_q",4,"expansion",8.27030866533625e-08,1.04000336444177e-07,0.397470364854551,0.870052006434119,137,"recession_state_unavailable","dflmx_20260403T200845Z_propagate","2026-04-03T20:08:45Z","config_dflmx_poverty_outcomes_baseline","/Users/shanewray/Library/CloudStorage/OneDrive-Personal/Active/hw/1/1proj/code/econark-r/code/dflmx-R/config_dflmx_poverty_outcomes_baseline.R","propagate"
"snap_persons","gini_households_q",4,"recession",1.0108155035411e-07,1.04000336444177e-07,0.359616044392213,0.863514677747386,137,"recession_state_unavailable","dflmx_20260403T200845Z_propagate","2026-04-03T20:08:45Z","config_dflmx_poverty_outcomes_baseline","/Users/shanewray/Library/CloudStorage/OneDrive-Personal/Active/hw/1/1proj/code/econark-r/code/dflmx-R/config_dflmx_poverty_outcomes_baseline.R","propagate"
"snap_persons","gini_households_q",8,"expansion",-1.19038362522079e-08,1.08517448108089e-07,0.948343140068668,0.997297789145973,133,"recession_state_unavailable","dflmx_20260403T200845Z_propagate","2026-04-03T20:08:45Z","config_dflmx_poverty_outcomes_baseline","/Users/shanewray/Library/CloudStorage/OneDrive-Personal/Active/hw/1/1proj/code/econark-r/code/dflmx-R/config_dflmx_poverty_outcomes_baseline.R","propagate"
"snap_persons","gini_households_q",8,"recession",-1.4549133197143e-08,1.08517448108089e-07,0.858024745776414,0.990159300209732,133,"recession_state_unavailable","dflmx_20260403T200845Z_propagate","2026-04-03T20:08:45Z","config_dflmx_poverty_outcomes_baseline","/Users/shanewray/Library/CloudStorage/OneDrive-Personal/Active/hw/1/1proj/code/econark-r/code/dflmx-R/config_dflmx_poverty_outcomes_baseline.R","propagate"
"snap_persons","median_real_income_fred_q",2,"expansion",-0.00508867452624236,0.0302834885170191,0.894785140636647,0.994125338707898,139,"recession_state_unavailable","dflmx_20260403T200845Z_propagate","2026-04-03T20:08:45Z","config_dflmx_poverty_outcomes_baseline","/Users/shanewray/Library/CloudStorage/OneDrive-Personal/Active/hw/1/1proj/code/econark-r/code/dflmx-R/config_dflmx_poverty_outcomes_baseline.R","propagate"
"snap_persons","median_real_income_fred_q",2,"recession",-0.00621949108762955,0.0302834885170191,0.809567508195062,0.974912973719166,139,"recession_state_unavailable","dflmx_20260403T200845Z_propagate","2026-04-03T20:08:45Z","config_dflmx_poverty_outcomes_baseline","/Users/shanewray/Library/CloudStorage/OneDrive-Personal/Active/hw/1/1proj/code/econark-r/code/dflmx-R/config_dflmx_poverty_outcomes_baseline.R","propagate"
"snap_persons","median_real_income_fred_q",4,"expansion",-0.00532313775187289,0.0580109320701558,0.964894369779847,1,137,"recession_state_unavailable","dflmx_20260403T200845Z_propagate","2026-04-03T20:08:45Z","config_dflmx_poverty_outcomes_baseline","/Users/shanewray/Library/CloudStorage/OneDrive-Personal/Active/hw/1/1proj/code/econark-r/code/dflmx-R/config_dflmx_poverty_outcomes_baseline.R","propagate"
"snap_persons","median_real_income_fred_q",4,"recession",-0.00650605725228909,0.0580109320701558,0.872999667896052,0.990159300209732,137,"recession_state_unavailable","dflmx_20260403T200845Z_propagate","2026-04-03T20:08:45Z","config_dflmx_poverty_outcomes_baseline","/Users/shanewray/Library/CloudStorage/OneDrive-Personal/Active/hw/1/1proj/code/econark-r/code/dflmx-R/config_dflmx_poverty_outcomes_baseline.R","propagate"
"snap_persons","median_real_income_fred_q",8,"expansion",-0.0231372130642946,0.0774592954250337,0.777544888379381,0.974912973719166,133,"recession_state_unavailable","dflmx_20260403T200845Z_propagate","2026-04-03T20:08:45Z","config_dflmx_poverty_outcomes_baseline","/Users/shanewray/Library/CloudStorage/OneDrive-Personal/Active/hw/1/1proj/code/econark-r/code/dflmx-R/config_dflmx_poverty_outcomes_baseline.R","propagate"
"snap_persons","median_real_income_fred_q",8,"recession",-0.0282788159674711,0.0774592954250337,0.703492994248011,0.974494562087496,133,"recession_state_unavailable","dflmx_20260403T200845Z_propagate","2026-04-03T20:08:45Z","config_dflmx_poverty_outcomes_baseline","/Users/shanewray/Library/CloudStorage/OneDrive-Personal/Active/hw/1/1proj/code/econark-r/code/dflmx-R/config_dflmx_poverty_outcomes_baseline.R","propagate"
"snap_persons","wealth_share_gap_top10_bottom50",2,"expansion",-1.47979636318593e-05,1.00133505686815e-05,0.108094415508874,0.426144159949059,139,"recession_state_unavailable","dflmx_20260403T200845Z_propagate","2026-04-03T20:08:45Z","config_dflmx_poverty_outcomes_baseline","/Users/shanewray/Library/CloudStorage/OneDrive-Personal/Active/hw/1/1proj/code/econark-r/code/dflmx-R/config_dflmx_poverty_outcomes_baseline.R","propagate"
"snap_persons","wealth_share_gap_top10_bottom50",2,"recession",-1.80863999944947e-05,1.00133505686815e-05,0.0977997092699337,0.407383096303503,139,"recession_state_unavailable","dflmx_20260403T200845Z_propagate","2026-04-03T20:08:45Z","config_dflmx_poverty_outcomes_baseline","/Users/shanewray/Library/CloudStorage/OneDrive-Personal/Active/hw/1/1proj/code/econark-r/code/dflmx-R/config_dflmx_poverty_outcomes_baseline.R","propagate"
"snap_persons","wealth_share_gap_top10_bottom50",4,"expansion",-2.44632522773691e-05,1.40375005743198e-05,0.0577282804418735,0.296888299415349,137,"recession_state_unavailable","dflmx_20260403T200845Z_propagate","2026-04-03T20:08:45Z","config_dflmx_poverty_outcomes_baseline","/Users/shanewray/Library/CloudStorage/OneDrive-Personal/Active/hw/1/1proj/code/econark-r/code/dflmx-R/config_dflmx_poverty_outcomes_baseline.R","propagate"
"snap_persons","wealth_share_gap_top10_bottom50",4,"recession",-2.98995305612288e-05,1.40375005743198e-05,0.0522303489712188,0.28927577891752,137,"recession_state_unavailable","dflmx_20260403T200845Z_propagate","2026-04-03T20:08:45Z","config_dflmx_poverty_outcomes_baseline","/Users/shanewray/Library/CloudStorage/OneDrive-Personal/Active/hw/1/1proj/code/econark-r/code/dflmx-R/config_dflmx_poverty_outcomes_baseline.R","propagate"
"snap_persons","wealth_share_gap_top10_bottom50",8,"expansion",-3.05733600352686e-05,2.3287335829822e-05,0.154457877769674,0.476751238371736,133,"recession_state_unavailable","dflmx_20260403T200845Z_propagate","2026-04-03T20:08:45Z","config_dflmx_poverty_outcomes_baseline","/Users/shanewray/Library/CloudStorage/OneDrive-Personal/Active/hw/1/1proj/code/econark-r/code/dflmx-R/config_dflmx_poverty_outcomes_baseline.R","propagate"
"snap_persons","wealth_share_gap_top10_bottom50",8,"recession",-3.73674400431061e-05,2.3287335829822e-05,0.139747603696372,0.464392036898713,133,"recession_state_unavailable","dflmx_20260403T200845Z_propagate","2026-04-03T20:08:45Z","config_dflmx_poverty_outcomes_baseline","/Users/shanewray/Library/CloudStorage/OneDrive-Personal/Active/hw/1/1proj/code/econark-r/code/dflmx-R/config_dflmx_poverty_outcomes_baseline.R","propagate"
"snap_persons","wealth_share_gap_top1_bottom50",2,"expansion",2.30017460443384e-06,1.21609633540738e-05,0.875557529352124,0.990159300209732,139,"recession_state_unavailable","dflmx_20260403T200845Z_propagate","2026-04-03T20:08:45Z","config_dflmx_poverty_outcomes_baseline","/Users/shanewray/Library/CloudStorage/OneDrive-Personal/Active/hw/1/1proj/code/econark-r/code/dflmx-R/config_dflmx_poverty_outcomes_baseline.R","propagate"
"snap_persons","wealth_share_gap_top1_bottom50",2,"recession",2.81132451653025e-06,1.21609633540738e-05,0.792171097985255,0.974912973719166,139,"recession_state_unavailable","dflmx_20260403T200845Z_propagate","2026-04-03T20:08:45Z","config_dflmx_poverty_outcomes_baseline","/Users/shanewray/Library/CloudStorage/OneDrive-Personal/Active/hw/1/1proj/code/econark-r/code/dflmx-R/config_dflmx_poverty_outcomes_baseline.R","propagate"
"snap_persons","wealth_share_gap_top1_bottom50",4,"expansion",4.28855455912232e-06,1.66940494020015e-05,0.814550051462656,0.974912973719166,137,"recession_state_unavailable","dflmx_20260403T200845Z_propagate","2026-04-03T20:08:45Z","config_dflmx_poverty_outcomes_baseline","/Users/shanewray/Library/CloudStorage/OneDrive-Personal/Active/hw/1/1proj/code/econark-r/code/dflmx-R/config_dflmx_poverty_outcomes_baseline.R","propagate"
"snap_persons","wealth_share_gap_top1_bottom50",4,"recession",5.24156668337173e-06,1.66940494020015e-05,0.73697385608526,0.974494562087496,137,"recession_state_unavailable","dflmx_20260403T200845Z_propagate","2026-04-03T20:08:45Z","config_dflmx_poverty_outcomes_baseline","/Users/shanewray/Library/CloudStorage/OneDrive-Personal/Active/hw/1/1proj/code/econark-r/code/dflmx-R/config_dflmx_poverty_outcomes_baseline.R","propagate"
"snap_persons","wealth_share_gap_top1_bottom50",8,"expansion",-1.52620867367806e-05,2.4844964787753e-05,0.520942557085394,0.970030968365907,133,"recession_state_unavailable","dflmx_20260403T200845Z_propagate","2026-04-03T20:08:45Z","config_dflmx_poverty_outcomes_baseline","/Users/shanewray/Library/CloudStorage/OneDrive-Personal/Active/hw/1/1proj/code/econark-r/code/dflmx-R/config_dflmx_poverty_outcomes_baseline.R","propagate"
"snap_persons","wealth_share_gap_top1_bottom50",8,"recession",-1.86536615671762e-05,2.4844964787753e-05,0.471328980220119,0.942657960440238,133,"recession_state_unavailable","dflmx_20260403T200845Z_propagate","2026-04-03T20:08:45Z","config_dflmx_poverty_outcomes_baseline","/Users/shanewray/Library/CloudStorage/OneDrive-Personal/Active/hw/1/1proj/code/econark-r/code/dflmx-R/config_dflmx_poverty_outcomes_baseline.R","propagate"
"credit_composite","poverty_all_q",2,"expansion",-1.89845144036184e-09,2.88761921643483e-09,0.489691330414551,0.952912859185072,139,"recession_state_unavailable","dflmx_20260403T200845Z_propagate","2026-04-03T20:08:45Z","config_dflmx_poverty_outcomes_baseline","/Users/shanewray/Library/CloudStorage/OneDrive-Personal/Active/hw/1/1proj/code/econark-r/code/dflmx-R/config_dflmx_poverty_outcomes_baseline.R","propagate"
"credit_composite","poverty_all_q",2,"recession",-2.32032953822002e-09,2.88761921643483e-09,0.44305406085126,0.902827142866719,139,"recession_state_unavailable","dflmx_20260403T200845Z_propagate","2026-04-03T20:08:45Z","config_dflmx_poverty_outcomes_baseline","/Users/shanewray/Library/CloudStorage/OneDrive-Personal/Active/hw/1/1proj/code/econark-r/code/dflmx-R/config_dflmx_poverty_outcomes_baseline.R","propagate"
"credit_composite","poverty_all_q",4,"expansion",-5.00679096659799e-09,5.2496254894281e-09,0.305786001294101,0.795780437102722,137,"recession_state_unavailable","dflmx_20260403T200845Z_propagate","2026-04-03T20:08:45Z","config_dflmx_poverty_outcomes_baseline","/Users/shanewray/Library/CloudStorage/OneDrive-Personal/Active/hw/1/1proj/code/econark-r/code/dflmx-R/config_dflmx_poverty_outcomes_baseline.R","propagate"
"credit_composite","poverty_all_q",4,"recession",-6.11941118139755e-09,5.2496254894281e-09,0.276663524980377,0.746991517447019,137,"recession_state_unavailable","dflmx_20260403T200845Z_propagate","2026-04-03T20:08:45Z","config_dflmx_poverty_outcomes_baseline","/Users/shanewray/Library/CloudStorage/OneDrive-Personal/Active/hw/1/1proj/code/econark-r/code/dflmx-R/config_dflmx_poverty_outcomes_baseline.R","propagate"
"credit_composite","poverty_all_q",8,"expansion",-1.68375411909974e-09,8.52986666213678e-09,0.86808406405334,0.990159300209732,133,"recession_state_unavailable","dflmx_20260403T200845Z_propagate","2026-04-03T20:08:45Z","config_dflmx_poverty_outcomes_baseline","/Users/shanewray/Library/CloudStorage/OneDrive-Personal/Active/hw/1/1proj/code/econark-r/code/dflmx-R/config_dflmx_poverty_outcomes_baseline.R","propagate"
"credit_composite","poverty_all_q",8,"recession",-2.05792170112191e-09,8.52986666213678e-09,0.785409391286355,0.974912973719166,133,"recession_state_unavailable","dflmx_20260403T200845Z_propagate","2026-04-03T20:08:45Z","config_dflmx_poverty_outcomes_baseline","/Users/shanewray/Library/CloudStorage/OneDrive-Personal/Active/hw/1/1proj/code/econark-r/code/dflmx-R/config_dflmx_poverty_outcomes_baseline.R","propagate"
"credit_composite","poverty_child_q",2,"expansion",-2.66193367821622e-09,4.49204089155343e-09,0.536968605317247,0.974494562087496,139,"recession_state_unavailable","dflmx_20260403T200845Z_propagate","2026-04-03T20:08:45Z","config_dflmx_poverty_outcomes_baseline","/Users/shanewray/Library/CloudStorage/OneDrive-Personal/Active/hw/1/1proj/code/econark-r/code/dflmx-R/config_dflmx_poverty_outcomes_baseline.R","propagate"
"credit_composite","poverty_child_q",2,"recession",-3.2534744955976e-09,4.49204089155343e-09,0.485828738144175,0.952912859185072,139,"recession_state_unavailable","dflmx_20260403T200845Z_propagate","2026-04-03T20:08:45Z","config_dflmx_poverty_outcomes_baseline","/Users/shanewray/Library/CloudStorage/OneDrive-Personal/Active/hw/1/1proj/code/econark-r/code/dflmx-R/config_dflmx_poverty_outcomes_baseline.R","propagate"
"credit_composite","poverty_child_q",4,"expansion",-6.64582473065993e-09,8.74105948040759e-09,0.419764079460535,0.871817703494957,137,"recession_state_unavailable","dflmx_20260403T200845Z_propagate","2026-04-03T20:08:45Z","config_dflmx_poverty_outcomes_baseline","/Users/shanewray/Library/CloudStorage/OneDrive-Personal/Active/hw/1/1proj/code/econark-r/code/dflmx-R/config_dflmx_poverty_outcomes_baseline.R","propagate"
"credit_composite","poverty_child_q",4,"recession",-8.12267467080658e-09,8.74105948040759e-09,0.379786548083341,0.863514677747386,137,"recession_state_unavailable","dflmx_20260403T200845Z_propagate","2026-04-03T20:08:45Z","config_dflmx_poverty_outcomes_baseline","/Users/shanewray/Library/CloudStorage/OneDrive-Personal/Active/hw/1/1proj/code/econark-r/code/dflmx-R/config_dflmx_poverty_outcomes_baseline.R","propagate"
"credit_composite","poverty_child_q",8,"expansion",-1.04345162937399e-10,1.38671140192447e-08,1,1,133,"recession_state_unavailable","dflmx_20260403T200845Z_propagate","2026-04-03T20:08:45Z","config_dflmx_poverty_outcomes_baseline","/Users/shanewray/Library/CloudStorage/OneDrive-Personal/Active/hw/1/1proj/code/econark-r/code/dflmx-R/config_dflmx_poverty_outcomes_baseline.R","propagate"
"credit_composite","poverty_child_q",8,"recession",-1.27532976923487e-10,1.38671140192447e-08,0.943675191343466,0.997297789145973,133,"recession_state_unavailable","dflmx_20260403T200845Z_propagate","2026-04-03T20:08:45Z","config_dflmx_poverty_outcomes_baseline","/Users/shanewray/Library/CloudStorage/OneDrive-Personal/Active/hw/1/1proj/code/econark-r/code/dflmx-R/config_dflmx_poverty_outcomes_baseline.R","propagate"
"credit_composite","gini_households_q",2,"expansion",-8.37664239081043e-12,2.9963097804952e-11,0.794398106563778,0.974912973719166,139,"recession_state_unavailable","dflmx_20260403T200845Z_propagate","2026-04-03T20:08:45Z","config_dflmx_poverty_outcomes_baseline","/Users/shanewray/Library/CloudStorage/OneDrive-Personal/Active/hw/1/1proj/code/econark-r/code/dflmx-R/config_dflmx_poverty_outcomes_baseline.R","propagate"
"credit_composite","gini_households_q",2,"recession",-1.02381184776572e-11,2.9963097804952e-11,0.718741144033894,0.974494562087496,139,"recession_state_unavailable","dflmx_20260403T200845Z_propagate","2026-04-03T20:08:45Z","config_dflmx_poverty_outcomes_baseline","/Users/shanewray/Library/CloudStorage/OneDrive-Personal/Active/hw/1/1proj/code/econark-r/code/dflmx-R/config_dflmx_poverty_outcomes_baseline.R","propagate"
"credit_composite","gini_households_q",4,"expansion",-3.01580510681895e-11,4.90578857188604e-11,0.520571130311436,0.970030968365907,137,"recession_state_unavailable","dflmx_20260403T200845Z_propagate","2026-04-03T20:08:45Z","config_dflmx_poverty_outcomes_baseline","/Users/shanewray/Library/CloudStorage/OneDrive-Personal/Active/hw/1/1proj/code/econark-r/code/dflmx-R/config_dflmx_poverty_outcomes_baseline.R","propagate"
"credit_composite","gini_households_q",4,"recession",-3.68598401944539e-11,4.90578857188604e-11,0.470992927424633,0.942657960440238,137,"recession_state_unavailable","dflmx_20260403T200845Z_propagate","2026-04-03T20:08:45Z","config_dflmx_poverty_outcomes_baseline","/Users/shanewray/Library/CloudStorage/OneDrive-Personal/Active/hw/1/1proj/code/econark-r/code/dflmx-R/config_dflmx_poverty_outcomes_baseline.R","propagate"
"credit_composite","gini_households_q",8,"expansion",8.46865788473369e-12,5.42620586057781e-11,0.905734964763844,0.994125338707898,133,"recession_state_unavailable","dflmx_20260403T200845Z_propagate","2026-04-03T20:08:45Z","config_dflmx_poverty_outcomes_baseline","/Users/shanewray/Library/CloudStorage/OneDrive-Personal/Active/hw/1/1proj/code/econark-r/code/dflmx-R/config_dflmx_poverty_outcomes_baseline.R","propagate"
"credit_composite","gini_households_q",8,"recession",1.0350581859119e-11,5.42620586057781e-11,0.819474491929192,0.974912973719166,133,"recession_state_unavailable","dflmx_20260403T200845Z_propagate","2026-04-03T20:08:45Z","config_dflmx_poverty_outcomes_baseline","/Users/shanewray/Library/CloudStorage/OneDrive-Personal/Active/hw/1/1proj/code/econark-r/code/dflmx-R/config_dflmx_poverty_outcomes_baseline.R","propagate"
"credit_composite","median_real_income_fred_q",2,"expansion",-7.44287562059685e-06,9.27072511024504e-06,0.392681425826071,0.870052006434119,139,"recession_state_unavailable","dflmx_20260403T200845Z_propagate","2026-04-03T20:08:45Z","config_dflmx_poverty_outcomes_baseline","/Users/shanewray/Library/CloudStorage/OneDrive-Personal/Active/hw/1/1proj/code/econark-r/code/dflmx-R/config_dflmx_poverty_outcomes_baseline.R","propagate"
"credit_composite","median_real_income_fred_q",2,"recession",-9.09684798072948e-06,9.27072511024504e-06,0.355283194795016,0.863514677747386,139,"recession_state_unavailable","dflmx_20260403T200845Z_propagate","2026-04-03T20:08:45Z","config_dflmx_poverty_outcomes_baseline","/Users/shanewray/Library/CloudStorage/OneDrive-Personal/Active/hw/1/1proj/code/econark-r/code/dflmx-R/config_dflmx_poverty_outcomes_baseline.R","propagate"
"credit_composite","median_real_income_fred_q",4,"expansion",-6.07727282719465e-06,1.66233591725644e-05,0.719515941714813,0.974494562087496,137,"recession_state_unavailable","dflmx_20260403T200845Z_propagate","2026-04-03T20:08:45Z","config_dflmx_poverty_outcomes_baseline","/Users/shanewray/Library/CloudStorage/OneDrive-Personal/Active/hw/1/1proj/code/econark-r/code/dflmx-R/config_dflmx_poverty_outcomes_baseline.R","propagate"
"credit_composite","median_real_income_fred_q",4,"recession",-7.42777789990457e-06,1.66233591725644e-05,0.65099061393245,0.974494562087496,137,"recession_state_unavailable","dflmx_20260403T200845Z_propagate","2026-04-03T20:08:45Z","config_dflmx_poverty_outcomes_baseline","/Users/shanewray/Library/CloudStorage/OneDrive-Personal/Active/hw/1/1proj/code/econark-r/code/dflmx-R/config_dflmx_poverty_outcomes_baseline.R","propagate"
"credit_composite","median_real_income_fred_q",8,"expansion",1.35128505090829e-05,3.3784910168894e-05,0.690379343741338,0.974494562087496,133,"recession_state_unavailable","dflmx_20260403T200845Z_propagate","2026-04-03T20:08:45Z","config_dflmx_poverty_outcomes_baseline","/Users/shanewray/Library/CloudStorage/OneDrive-Personal/Active/hw/1/1proj/code/econark-r/code/dflmx-R/config_dflmx_poverty_outcomes_baseline.R","propagate"
"credit_composite","median_real_income_fred_q",8,"recession",1.6515706177768e-05,3.3784910168894e-05,0.624628930051687,0.974494562087496,133,"recession_state_unavailable","dflmx_20260403T200845Z_propagate","2026-04-03T20:08:45Z","config_dflmx_poverty_outcomes_baseline","/Users/shanewray/Library/CloudStorage/OneDrive-Personal/Active/hw/1/1proj/code/econark-r/code/dflmx-R/config_dflmx_poverty_outcomes_baseline.R","propagate"
"credit_composite","wealth_share_gap_top10_bottom50",2,"expansion",8.05216933935077e-09,4.03636551056492e-09,0.0297697597665128,0.189125532634317,139,"recession_state_unavailable","dflmx_20260403T200845Z_propagate","2026-04-03T20:08:45Z","config_dflmx_poverty_outcomes_baseline","/Users/shanewray/Library/CloudStorage/OneDrive-Personal/Active/hw/1/1proj/code/econark-r/code/dflmx-R/config_dflmx_poverty_outcomes_baseline.R","propagate"
"credit_composite","wealth_share_gap_top10_bottom50",2,"recession",9.84154030365094e-09,4.03636551056492e-09,0.0269345445506545,0.189125532634317,139,"recession_state_unavailable","dflmx_20260403T200845Z_propagate","2026-04-03T20:08:45Z","config_dflmx_poverty_outcomes_baseline","/Users/shanewray/Library/CloudStorage/OneDrive-Personal/Active/hw/1/1proj/code/econark-r/code/dflmx-R/config_dflmx_poverty_outcomes_baseline.R","propagate"
"credit_composite","wealth_share_gap_top10_bottom50",4,"expansion",1.15235677885248e-08,5.81444346882763e-09,0.0308787999272336,0.190566308122356,137,"recession_state_unavailable","dflmx_20260403T200845Z_propagate","2026-04-03T20:08:45Z","config_dflmx_poverty_outcomes_baseline","/Users/shanewray/Library/CloudStorage/OneDrive-Personal/Active/hw/1/1proj/code/econark-r/code/dflmx-R/config_dflmx_poverty_outcomes_baseline.R","propagate"
"credit_composite","wealth_share_gap_top10_bottom50",4,"recession",1.40843606304192e-08,5.81444346882763e-09,0.0279379618389256,0.189125532634317,137,"recession_state_unavailable","dflmx_20260403T200845Z_propagate","2026-04-03T20:08:45Z","config_dflmx_poverty_outcomes_baseline","/Users/shanewray/Library/CloudStorage/OneDrive-Personal/Active/hw/1/1proj/code/econark-r/code/dflmx-R/config_dflmx_poverty_outcomes_baseline.R","propagate"
"credit_composite","wealth_share_gap_top10_bottom50",8,"expansion",1.58093827391828e-08,1.22462702363731e-08,0.161613431896445,0.491669032248341,133,"recession_state_unavailable","dflmx_20260403T200845Z_propagate","2026-04-03T20:08:45Z","config_dflmx_poverty_outcomes_baseline","/Users/shanewray/Library/CloudStorage/OneDrive-Personal/Active/hw/1/1proj/code/econark-r/code/dflmx-R/config_dflmx_poverty_outcomes_baseline.R","propagate"
"credit_composite","wealth_share_gap_top10_bottom50",8,"recession",1.93225789034457e-08,1.22462702363731e-08,0.146221676477736,0.465592886165838,133,"recession_state_unavailable","dflmx_20260403T200845Z_propagate","2026-04-03T20:08:45Z","config_dflmx_poverty_outcomes_baseline","/Users/shanewray/Library/CloudStorage/OneDrive-Personal/Active/hw/1/1proj/code/econark-r/code/dflmx-R/config_dflmx_poverty_outcomes_baseline.R","propagate"
"credit_composite","wealth_share_gap_top1_bottom50",2,"expansion",1.99048408665008e-10,3.86035312043052e-09,1,1,139,"recession_state_unavailable","dflmx_20260403T200845Z_propagate","2026-04-03T20:08:45Z","config_dflmx_poverty_outcomes_baseline","/Users/shanewray/Library/CloudStorage/OneDrive-Personal/Active/hw/1/1proj/code/econark-r/code/dflmx-R/config_dflmx_poverty_outcomes_baseline.R","propagate"
"credit_composite","wealth_share_gap_top1_bottom50",2,"recession",2.43281388368344e-10,3.86035312043052e-09,0.906679128358592,0.994125338707898,139,"recession_state_unavailable","dflmx_20260403T200845Z_propagate","2026-04-03T20:08:45Z","config_dflmx_poverty_outcomes_baseline","/Users/shanewray/Library/CloudStorage/OneDrive-Personal/Active/hw/1/1proj/code/econark-r/code/dflmx-R/config_dflmx_poverty_outcomes_baseline.R","propagate"
"credit_composite","wealth_share_gap_top1_bottom50",4,"expansion",-3.35814607153817e-09,5.00601253422904e-09,0.480259854729841,0.951707602033447,137,"recession_state_unavailable","dflmx_20260403T200845Z_propagate","2026-04-03T20:08:45Z","config_dflmx_poverty_outcomes_baseline","/Users/shanewray/Library/CloudStorage/OneDrive-Personal/Active/hw/1/1proj/code/econark-r/code/dflmx-R/config_dflmx_poverty_outcomes_baseline.R","propagate"
"credit_composite","wealth_share_gap_top1_bottom50",4,"recession",-4.1044007541022e-09,5.00601253422904e-09,0.434520820946047,0.89387140308901,137,"recession_state_unavailable","dflmx_20260403T200845Z_propagate","2026-04-03T20:08:45Z","config_dflmx_poverty_outcomes_baseline","/Users/shanewray/Library/CloudStorage/OneDrive-Personal/Active/hw/1/1proj/code/econark-r/code/dflmx-R/config_dflmx_poverty_outcomes_baseline.R","propagate"
"credit_composite","wealth_share_gap_top1_bottom50",8,"expansion",1.99089968359635e-09,6.97022472485383e-09,0.789061602721806,0.974912973719166,133,"recession_state_unavailable","dflmx_20260403T200845Z_propagate","2026-04-03T20:08:45Z","config_dflmx_poverty_outcomes_baseline","/Users/shanewray/Library/CloudStorage/OneDrive-Personal/Active/hw/1/1proj/code/econark-r/code/dflmx-R/config_dflmx_poverty_outcomes_baseline.R","propagate"
"credit_composite","wealth_share_gap_top1_bottom50",8,"recession",2.43332183550665e-09,6.97022472485383e-09,0.713912878653063,0.974494562087496,133,"recession_state_unavailable","dflmx_20260403T200845Z_propagate","2026-04-03T20:08:45Z","config_dflmx_poverty_outcomes_baseline","/Users/shanewray/Library/CloudStorage/OneDrive-Personal/Active/hw/1/1proj/code/econark-r/code/dflmx-R/config_dflmx_poverty_outcomes_baseline.R","propagate"
