"estimator","treatment","outcome","horizon","spec_tags_present","n_specs_present","all_specs_present","baseline_w_tag","baseline_estimate_sd","baseline_p","raw_sig_p10_count","raw_sig_p05_count","sign_flip_any","p10_flip_any","p05_flip_any","max_abs_delta_vs_baseline","mean_abs_delta_vs_baseline","sensitivity_flag","run_timestamp_utc","treatment_scope","n_treatments","estimate_sd_w100","p_w100","w_max_w100","estimate_sd_w200","p_w200","w_max_w200","estimate_sd_w300","p_w300","w_max_w300","provenance_run_id","provenance_run_timestamp_utc","provenance_config_id","provenance_config_path","provenance_stage_id"
"lp_shock","fed_funds","poverty_all_q",2,"w100,w200,w300",3,TRUE,"w200",-0.058525104189188,0.565355645124446,0,0,FALSE,FALSE,FALSE,0.025,0.025,FALSE,"2026-04-03T20:08:45Z","credit_composite;fed_funds;snap_persons;social_security;transfer_composite;ui_benefits",6,-0.083525104189188,0.575355645124446,100,-0.058525104189188,0.565355645124446,200,-0.083525104189188,0.575355645124446,300,"dflmx_20260403T200845Z_propagate","2026-04-03T20:08:45Z","config_dflmx_poverty_outcomes_baseline","econark-r/dflmx-R/config_dflmx_poverty_outcomes_baseline.R","propagate"
"lp_shock","fed_funds","poverty_all_q",4,"w100,w200,w300",3,TRUE,"w200",-0.174130664028859,0.316206345168512,0,0,FALSE,FALSE,FALSE,0.025,0.025,FALSE,"2026-04-03T20:08:45Z","credit_composite;fed_funds;snap_persons;social_security;transfer_composite;ui_benefits",6,-0.199130664028859,0.326206345168512,100,-0.174130664028859,0.316206345168512,200,-0.199130664028859,0.326206345168512,300,"dflmx_20260403T200845Z_propagate","2026-04-03T20:08:45Z","config_dflmx_poverty_outcomes_baseline","econark-r/dflmx-R/config_dflmx_poverty_outcomes_baseline.R","propagate"
"lp_shock","fed_funds","poverty_all_q",8,"w100,w200,w300",3,TRUE,"w200",-0.244765780720299,0.369003180384653,0,0,FALSE,FALSE,FALSE,0.025,0.025,FALSE,"2026-04-03T20:08:45Z","credit_composite;fed_funds;snap_persons;social_security;transfer_composite;ui_benefits",6,-0.269765780720299,0.379003180384653,100,-0.244765780720299,0.369003180384653,200,-0.269765780720299,0.379003180384653,300,"dflmx_20260403T200845Z_propagate","2026-04-03T20:08:45Z","config_dflmx_poverty_outcomes_baseline","econark-r/dflmx-R/config_dflmx_poverty_outcomes_baseline.R","propagate"
"lp_shock","fed_funds","poverty_child_q",2,"w100,w200,w300",3,TRUE,"w200",-0.0155673399771683,0.919594600154019,0,0,FALSE,FALSE,FALSE,0.025,0.025,FALSE,"2026-04-03T20:08:45Z","credit_composite;fed_funds;snap_persons;social_security;transfer_composite;ui_benefits",6,-0.0405673399771683,0.929594600154019,100,-0.0155673399771683,0.919594600154019,200,-0.0405673399771683,0.929594600154019,300,"dflmx_20260403T200845Z_propagate","2026-04-03T20:08:45Z","config_dflmx_poverty_outcomes_baseline","econark-r/dflmx-R/config_dflmx_poverty_outcomes_baseline.R","propagate"
"lp_shock","fed_funds","poverty_child_q",4,"w100,w200,w300",3,TRUE,"w200",-0.227507161956099,0.379784605983147,0,0,FALSE,FALSE,FALSE,0.025,0.025,FALSE,"2026-04-03T20:08:45Z","credit_composite;fed_funds;snap_persons;social_security;transfer_composite;ui_benefits",6,-0.252507161956099,0.389784605983147,100,-0.227507161956099,0.379784605983147,200,-0.252507161956099,0.389784605983147,300,"dflmx_20260403T200845Z_propagate","2026-04-03T20:08:45Z","config_dflmx_poverty_outcomes_baseline","econark-r/dflmx-R/config_dflmx_poverty_outcomes_baseline.R","propagate"
"lp_shock","fed_funds","poverty_child_q",8,"w100,w200,w300",3,TRUE,"w200",-0.519668734221339,0.212434799627216,0,0,FALSE,FALSE,FALSE,0.025,0.025,FALSE,"2026-04-03T20:08:45Z","credit_composite;fed_funds;snap_persons;social_security;transfer_composite;ui_benefits",6,-0.544668734221339,0.222434799627216,100,-0.519668734221339,0.212434799627216,200,-0.544668734221339,0.222434799627216,300,"dflmx_20260403T200845Z_propagate","2026-04-03T20:08:45Z","config_dflmx_poverty_outcomes_baseline","econark-r/dflmx-R/config_dflmx_poverty_outcomes_baseline.R","propagate"
"lp_shock","fed_funds","gini_households_q",2,"w100,w200,w300",3,TRUE,"w200",-5.80646751777165e-06,0.994580316187998,0,0,FALSE,FALSE,FALSE,0.025,0.025,FALSE,"2026-04-03T20:08:45Z","credit_composite;fed_funds;snap_persons;social_security;transfer_composite;ui_benefits",6,-0.0250058064675178,1,100,-5.80646751777165e-06,0.994580316187998,200,-0.0250058064675178,1,300,"dflmx_20260403T200845Z_propagate","2026-04-03T20:08:45Z","config_dflmx_poverty_outcomes_baseline","econark-r/dflmx-R/config_dflmx_poverty_outcomes_baseline.R","propagate"
"lp_shock","fed_funds","gini_households_q",4,"w100,w200,w300",3,TRUE,"w200",-0.000132819242216221,0.928786600437297,0,0,FALSE,FALSE,FALSE,0.025,0.025,FALSE,"2026-04-03T20:08:45Z","credit_composite;fed_funds;snap_persons;social_security;transfer_composite;ui_benefits",6,-0.0251328192422162,0.938786600437297,100,-0.000132819242216221,0.928786600437297,200,-0.0251328192422162,0.938786600437297,300,"dflmx_20260403T200845Z_propagate","2026-04-03T20:08:45Z","config_dflmx_poverty_outcomes_baseline","econark-r/dflmx-R/config_dflmx_poverty_outcomes_baseline.R","propagate"
"lp_shock","fed_funds","gini_households_q",8,"w100,w200,w300",3,TRUE,"w200",-0.000788813845710438,0.613217380893843,0,0,FALSE,FALSE,FALSE,0.025,0.025,FALSE,"2026-04-03T20:08:45Z","credit_composite;fed_funds;snap_persons;social_security;transfer_composite;ui_benefits",6,-0.0257888138457104,0.623217380893843,100,-0.000788813845710438,0.613217380893843,200,-0.0257888138457104,0.623217380893843,300,"dflmx_20260403T200845Z_propagate","2026-04-03T20:08:45Z","config_dflmx_poverty_outcomes_baseline","econark-r/dflmx-R/config_dflmx_poverty_outcomes_baseline.R","propagate"
"lp_shock","fed_funds","median_real_income_fred_q",2,"w100,w200,w300",3,TRUE,"w200",867.857582782774,0.0607448333589015,3,0,FALSE,FALSE,FALSE,0.0249999999999773,0.0249999999999773,FALSE,"2026-04-03T20:08:45Z","credit_composite;fed_funds;snap_persons;social_security;transfer_composite;ui_benefits",6,867.882582782774,0.0707448333589015,100,867.857582782774,0.0607448333589015,200,867.882582782774,0.0707448333589015,300,"dflmx_20260403T200845Z_propagate","2026-04-03T20:08:45Z","config_dflmx_poverty_outcomes_baseline","econark-r/dflmx-R/config_dflmx_poverty_outcomes_baseline.R","propagate"
"lp_shock","fed_funds","median_real_income_fred_q",4,"w100,w200,w300",3,TRUE,"w200",1184.41739014992,0.105220780234336,0,0,FALSE,FALSE,FALSE,0.025000000000091,0.025000000000091,FALSE,"2026-04-03T20:08:45Z","credit_composite;fed_funds;snap_persons;social_security;transfer_composite;ui_benefits",6,1184.44239014992,0.115220780234336,100,1184.41739014992,0.105220780234336,200,1184.44239014992,0.115220780234336,300,"dflmx_20260403T200845Z_propagate","2026-04-03T20:08:45Z","config_dflmx_poverty_outcomes_baseline","econark-r/dflmx-R/config_dflmx_poverty_outcomes_baseline.R","propagate"
"lp_shock","fed_funds","median_real_income_fred_q",8,"w100,w200,w300",3,TRUE,"w200",763.029132826336,0.391269871596405,0,0,FALSE,FALSE,FALSE,0.0249999999999773,0.0249999999999773,FALSE,"2026-04-03T20:08:45Z","credit_composite;fed_funds;snap_persons;social_security;transfer_composite;ui_benefits",6,763.054132826335,0.401269871596405,100,763.029132826336,0.391269871596405,200,763.054132826335,0.401269871596405,300,"dflmx_20260403T200845Z_propagate","2026-04-03T20:08:45Z","config_dflmx_poverty_outcomes_baseline","econark-r/dflmx-R/config_dflmx_poverty_outcomes_baseline.R","propagate"
"lp_shock","fed_funds","wealth_share_gap_top10_bottom50",2,"w100,w200,w300",3,TRUE,"w200",-0.0755911542263267,0.688760420621688,0,0,FALSE,FALSE,FALSE,0.025,0.025,FALSE,"2026-04-03T20:08:45Z","credit_composite;fed_funds;snap_persons;social_security;transfer_composite;ui_benefits",6,-0.100591154226327,0.698760420621688,100,-0.0755911542263267,0.688760420621688,200,-0.100591154226327,0.698760420621688,300,"dflmx_20260403T200845Z_propagate","2026-04-03T20:08:45Z","config_dflmx_poverty_outcomes_baseline","econark-r/dflmx-R/config_dflmx_poverty_outcomes_baseline.R","propagate"
"lp_shock","fed_funds","wealth_share_gap_top10_bottom50",4,"w100,w200,w300",3,TRUE,"w200",-0.0326555836263564,0.905834852575266,0,0,FALSE,FALSE,FALSE,0.025,0.025,FALSE,"2026-04-03T20:08:45Z","credit_composite;fed_funds;snap_persons;social_security;transfer_composite;ui_benefits",6,-0.0576555836263564,0.915834852575266,100,-0.0326555836263564,0.905834852575266,200,-0.0576555836263564,0.915834852575266,300,"dflmx_20260403T200845Z_propagate","2026-04-03T20:08:45Z","config_dflmx_poverty_outcomes_baseline","econark-r/dflmx-R/config_dflmx_poverty_outcomes_baseline.R","propagate"
"lp_shock","fed_funds","wealth_share_gap_top10_bottom50",8,"w100,w200,w300",3,TRUE,"w200",-0.126129036671537,0.750735502783497,0,0,FALSE,FALSE,FALSE,0.025,0.025,FALSE,"2026-04-03T20:08:45Z","credit_composite;fed_funds;snap_persons;social_security;transfer_composite;ui_benefits",6,-0.151129036671537,0.760735502783497,100,-0.126129036671537,0.750735502783497,200,-0.151129036671537,0.760735502783497,300,"dflmx_20260403T200845Z_propagate","2026-04-03T20:08:45Z","config_dflmx_poverty_outcomes_baseline","econark-r/dflmx-R/config_dflmx_poverty_outcomes_baseline.R","propagate"
"lp_shock","fed_funds","wealth_share_gap_top1_bottom50",2,"w100,w200,w300",3,TRUE,"w200",0.0386014598030307,0.861425571216438,0,0,FALSE,FALSE,FALSE,0.025,0.025,FALSE,"2026-04-03T20:08:45Z","credit_composite;fed_funds;snap_persons;social_security;transfer_composite;ui_benefits",6,0.0636014598030307,0.871425571216438,100,0.0386014598030307,0.861425571216438,200,0.0636014598030307,0.871425571216438,300,"dflmx_20260403T200845Z_propagate","2026-04-03T20:08:45Z","config_dflmx_poverty_outcomes_baseline","econark-r/dflmx-R/config_dflmx_poverty_outcomes_baseline.R","propagate"
"lp_shock","fed_funds","wealth_share_gap_top1_bottom50",4,"w100,w200,w300",3,TRUE,"w200",-0.00640552969652869,0.984633265507187,0,0,FALSE,FALSE,FALSE,0.025,0.025,FALSE,"2026-04-03T20:08:45Z","credit_composite;fed_funds;snap_persons;social_security;transfer_composite;ui_benefits",6,-0.0314055296965287,0.994633265507187,100,-0.00640552969652869,0.984633265507187,200,-0.0314055296965287,0.994633265507187,300,"dflmx_20260403T200845Z_propagate","2026-04-03T20:08:45Z","config_dflmx_poverty_outcomes_baseline","econark-r/dflmx-R/config_dflmx_poverty_outcomes_baseline.R","propagate"
"lp_shock","fed_funds","wealth_share_gap_top1_bottom50",8,"w100,w200,w300",3,TRUE,"w200",-0.235673085869741,0.632626541620097,0,0,FALSE,FALSE,FALSE,0.025,0.025,FALSE,"2026-04-03T20:08:45Z","credit_composite;fed_funds;snap_persons;social_security;transfer_composite;ui_benefits",6,-0.260673085869741,0.642626541620097,100,-0.235673085869741,0.632626541620097,200,-0.260673085869741,0.642626541620097,300,"dflmx_20260403T200845Z_propagate","2026-04-03T20:08:45Z","config_dflmx_poverty_outcomes_baseline","econark-r/dflmx-R/config_dflmx_poverty_outcomes_baseline.R","propagate"
"lp_shock","transfer_composite","poverty_all_q",2,"w100,w200,w300",3,TRUE,"w200",1.12062632637146e-06,6.50143969364507e-07,3,3,FALSE,FALSE,FALSE,0.025,0.025,FALSE,"2026-04-03T20:08:45Z","credit_composite;fed_funds;snap_persons;social_security;transfer_composite;ui_benefits",6,0.0250011206263264,0.0100006501439694,100,1.12062632637146e-06,6.50143969364507e-07,200,0.0250011206263264,0.0100006501439694,300,"dflmx_20260403T200845Z_propagate","2026-04-03T20:08:45Z","config_dflmx_poverty_outcomes_baseline","econark-r/dflmx-R/config_dflmx_poverty_outcomes_baseline.R","propagate"
"lp_shock","transfer_composite","poverty_all_q",4,"w100,w200,w300",3,TRUE,"w200",1.94463299768093e-06,3.36741108810146e-09,3,3,FALSE,FALSE,FALSE,0.025,0.025,FALSE,"2026-04-03T20:08:45Z","credit_composite;fed_funds;snap_persons;social_security;transfer_composite;ui_benefits",6,0.0250019446329977,0.0100000033674111,100,1.94463299768093e-06,3.36741108810146e-09,200,0.0250019446329977,0.0100000033674111,300,"dflmx_20260403T200845Z_propagate","2026-04-03T20:08:45Z","config_dflmx_poverty_outcomes_baseline","econark-r/dflmx-R/config_dflmx_poverty_outcomes_baseline.R","propagate"
"lp_shock","transfer_composite","poverty_all_q",8,"w100,w200,w300",3,TRUE,"w200",1.8082243168973e-06,0.0153748252916479,3,3,FALSE,FALSE,FALSE,0.025,0.025,FALSE,"2026-04-03T20:08:45Z","credit_composite;fed_funds;snap_persons;social_security;transfer_composite;ui_benefits",6,0.0250018082243169,0.0253748252916479,100,1.8082243168973e-06,0.0153748252916479,200,0.0250018082243169,0.0253748252916479,300,"dflmx_20260403T200845Z_propagate","2026-04-03T20:08:45Z","config_dflmx_poverty_outcomes_baseline","econark-r/dflmx-R/config_dflmx_poverty_outcomes_baseline.R","propagate"
"lp_shock","transfer_composite","poverty_child_q",2,"w100,w200,w300",3,TRUE,"w200",1.96448064464099e-06,4.553986187813e-06,3,3,FALSE,FALSE,FALSE,0.025,0.025,FALSE,"2026-04-03T20:08:45Z","credit_composite;fed_funds;snap_persons;social_security;transfer_composite;ui_benefits",6,0.0250019644806446,0.0100045539861878,100,1.96448064464099e-06,4.553986187813e-06,200,0.0250019644806446,0.0100045539861878,300,"dflmx_20260403T200845Z_propagate","2026-04-03T20:08:45Z","config_dflmx_poverty_outcomes_baseline","econark-r/dflmx-R/config_dflmx_poverty_outcomes_baseline.R","propagate"
"lp_shock","transfer_composite","poverty_child_q",4,"w100,w200,w300",3,TRUE,"w200",3.41941254589341e-06,1.53784654931706e-08,3,3,FALSE,FALSE,FALSE,0.025,0.025,FALSE,"2026-04-03T20:08:45Z","credit_composite;fed_funds;snap_persons;social_security;transfer_composite;ui_benefits",6,0.0250034194125459,0.0100000153784655,100,3.41941254589341e-06,1.53784654931706e-08,200,0.0250034194125459,0.0100000153784655,300,"dflmx_20260403T200845Z_propagate","2026-04-03T20:08:45Z","config_dflmx_poverty_outcomes_baseline","econark-r/dflmx-R/config_dflmx_poverty_outcomes_baseline.R","propagate"
"lp_shock","transfer_composite","poverty_child_q",8,"w100,w200,w300",3,TRUE,"w200",3.09238232640632e-06,0.0305966375221101,3,3,FALSE,FALSE,FALSE,0.025,0.025,FALSE,"2026-04-03T20:08:45Z","credit_composite;fed_funds;snap_persons;social_security;transfer_composite;ui_benefits",6,0.0250030923823264,0.0405966375221101,100,3.09238232640632e-06,0.0305966375221101,200,0.0250030923823264,0.0405966375221101,300,"dflmx_20260403T200845Z_propagate","2026-04-03T20:08:45Z","config_dflmx_poverty_outcomes_baseline","econark-r/dflmx-R/config_dflmx_poverty_outcomes_baseline.R","propagate"
"lp_shock","transfer_composite","gini_households_q",2,"w100,w200,w300",3,TRUE,"w200",9.88156467708069e-09,4.24828691041706e-08,3,3,FALSE,FALSE,FALSE,0.025,0.025,FALSE,"2026-04-03T20:08:45Z","credit_composite;fed_funds;snap_persons;social_security;transfer_composite;ui_benefits",6,0.0250000098815647,0.0100000424828691,100,9.88156467708069e-09,4.24828691041706e-08,200,0.0250000098815647,0.0100000424828691,300,"dflmx_20260403T200845Z_propagate","2026-04-03T20:08:45Z","config_dflmx_poverty_outcomes_baseline","econark-r/dflmx-R/config_dflmx_poverty_outcomes_baseline.R","propagate"
"lp_shock","transfer_composite","gini_households_q",4,"w100,w200,w300",3,TRUE,"w200",1.65271659654922e-08,6.51001222084906e-12,3,3,FALSE,FALSE,FALSE,0.025,0.025,FALSE,"2026-04-03T20:08:45Z","credit_composite;fed_funds;snap_persons;social_security;transfer_composite;ui_benefits",6,0.025000016527166,0.01000000000651,100,1.65271659654922e-08,6.51001222084906e-12,200,0.025000016527166,0.01000000000651,300,"dflmx_20260403T200845Z_propagate","2026-04-03T20:08:45Z","config_dflmx_poverty_outcomes_baseline","econark-r/dflmx-R/config_dflmx_poverty_outcomes_baseline.R","propagate"
"lp_shock","transfer_composite","gini_households_q",8,"w100,w200,w300",3,TRUE,"w200",1.10917747235986e-08,0.000286407258513702,3,3,FALSE,FALSE,FALSE,0.025,0.025,FALSE,"2026-04-03T20:08:45Z","credit_composite;fed_funds;snap_persons;social_security;transfer_composite;ui_benefits",6,0.0250000110917747,0.0102864072585137,100,1.10917747235986e-08,0.000286407258513702,200,0.0250000110917747,0.0102864072585137,300,"dflmx_20260403T200845Z_propagate","2026-04-03T20:08:45Z","config_dflmx_poverty_outcomes_baseline","econark-r/dflmx-R/config_dflmx_poverty_outcomes_baseline.R","propagate"
"lp_shock","transfer_composite","median_real_income_fred_q",2,"w100,w200,w300",3,TRUE,"w200",0.00186631143326168,0.0911423512487429,1,0,FALSE,TRUE,FALSE,0.025,0.025,TRUE,"2026-04-03T20:08:45Z","credit_composite;fed_funds;snap_persons;social_security;transfer_composite;ui_benefits",6,0.0268663114332617,0.101142351248743,100,0.00186631143326168,0.0911423512487429,200,0.0268663114332617,0.101142351248743,300,"dflmx_20260403T200845Z_propagate","2026-04-03T20:08:45Z","config_dflmx_poverty_outcomes_baseline","econark-r/dflmx-R/config_dflmx_poverty_outcomes_baseline.R","propagate"
"lp_shock","transfer_composite","median_real_income_fred_q",4,"w100,w200,w300",3,TRUE,"w200",0.000698189664144637,0.544088191257001,0,0,FALSE,FALSE,FALSE,0.025,0.025,FALSE,"2026-04-03T20:08:45Z","credit_composite;fed_funds;snap_persons;social_security;transfer_composite;ui_benefits",6,0.0256981896641446,0.554088191257001,100,0.000698189664144637,0.544088191257001,200,0.0256981896641446,0.554088191257001,300,"dflmx_20260403T200845Z_propagate","2026-04-03T20:08:45Z","config_dflmx_poverty_outcomes_baseline","econark-r/dflmx-R/config_dflmx_poverty_outcomes_baseline.R","propagate"
"lp_shock","transfer_composite","median_real_income_fred_q",8,"w100,w200,w300",3,TRUE,"w200",-0.00514925208371746,0.00164916625469235,3,3,FALSE,FALSE,FALSE,0.025,0.025,FALSE,"2026-04-03T20:08:45Z","credit_composite;fed_funds;snap_persons;social_security;transfer_composite;ui_benefits",6,-0.0301492520837175,0.0116491662546924,100,-0.00514925208371746,0.00164916625469235,200,-0.0301492520837175,0.0116491662546924,300,"dflmx_20260403T200845Z_propagate","2026-04-03T20:08:45Z","config_dflmx_poverty_outcomes_baseline","econark-r/dflmx-R/config_dflmx_poverty_outcomes_baseline.R","propagate"
"lp_shock","transfer_composite","wealth_share_gap_top10_bottom50",2,"w100,w200,w300",3,TRUE,"w200",-4.68882653870249e-07,0.622861317365694,0,0,FALSE,FALSE,FALSE,0.025,0.025,FALSE,"2026-04-03T20:08:45Z","credit_composite;fed_funds;snap_persons;social_security;transfer_composite;ui_benefits",6,-0.0250004688826539,0.632861317365694,100,-4.68882653870249e-07,0.622861317365694,200,-0.0250004688826539,0.632861317365694,300,"dflmx_20260403T200845Z_propagate","2026-04-03T20:08:45Z","config_dflmx_poverty_outcomes_baseline","econark-r/dflmx-R/config_dflmx_poverty_outcomes_baseline.R","propagate"
"lp_shock","transfer_composite","wealth_share_gap_top10_bottom50",4,"w100,w200,w300",3,TRUE,"w200",-9.27175310489576e-07,0.397042712647913,0,0,FALSE,FALSE,FALSE,0.025,0.025,FALSE,"2026-04-03T20:08:45Z","credit_composite;fed_funds;snap_persons;social_security;transfer_composite;ui_benefits",6,-0.0250009271753105,0.407042712647913,100,-9.27175310489576e-07,0.397042712647913,200,-0.0250009271753105,0.407042712647913,300,"dflmx_20260403T200845Z_propagate","2026-04-03T20:08:45Z","config_dflmx_poverty_outcomes_baseline","econark-r/dflmx-R/config_dflmx_poverty_outcomes_baseline.R","propagate"
"lp_shock","transfer_composite","wealth_share_gap_top10_bottom50",8,"w100,w200,w300",3,TRUE,"w200",-2.15640599349187e-06,0.103637374698965,0,0,FALSE,FALSE,FALSE,0.025,0.025,FALSE,"2026-04-03T20:08:45Z","credit_composite;fed_funds;snap_persons;social_security;transfer_composite;ui_benefits",6,-0.0250021564059935,0.113637374698965,100,-2.15640599349187e-06,0.103637374698965,200,-0.0250021564059935,0.113637374698965,300,"dflmx_20260403T200845Z_propagate","2026-04-03T20:08:45Z","config_dflmx_poverty_outcomes_baseline","econark-r/dflmx-R/config_dflmx_poverty_outcomes_baseline.R","propagate"
"lp_shock","transfer_composite","wealth_share_gap_top1_bottom50",2,"w100,w200,w300",3,TRUE,"w200",2.06443990217345e-06,6.51812817137315e-05,3,3,FALSE,FALSE,FALSE,0.025,0.025,FALSE,"2026-04-03T20:08:45Z","credit_composite;fed_funds;snap_persons;social_security;transfer_composite;ui_benefits",6,0.0250020644399022,0.0100651812817137,100,2.06443990217345e-06,6.51812817137315e-05,200,0.0250020644399022,0.0100651812817137,300,"dflmx_20260403T200845Z_propagate","2026-04-03T20:08:45Z","config_dflmx_poverty_outcomes_baseline","econark-r/dflmx-R/config_dflmx_poverty_outcomes_baseline.R","propagate"
"lp_shock","transfer_composite","wealth_share_gap_top1_bottom50",4,"w100,w200,w300",3,TRUE,"w200",2.24970939782917e-06,0.000179943555654677,3,3,FALSE,FALSE,FALSE,0.025,0.025,FALSE,"2026-04-03T20:08:45Z","credit_composite;fed_funds;snap_persons;social_security;transfer_composite;ui_benefits",6,0.0250022497093978,0.0101799435556547,100,2.24970939782917e-06,0.000179943555654677,200,0.0250022497093978,0.0101799435556547,300,"dflmx_20260403T200845Z_propagate","2026-04-03T20:08:45Z","config_dflmx_poverty_outcomes_baseline","econark-r/dflmx-R/config_dflmx_poverty_outcomes_baseline.R","propagate"
"lp_shock","transfer_composite","wealth_share_gap_top1_bottom50",8,"w100,w200,w300",3,TRUE,"w200",3.27335125568861e-08,0.972385703436079,0,0,FALSE,FALSE,FALSE,0.025,0.025,FALSE,"2026-04-03T20:08:45Z","credit_composite;fed_funds;snap_persons;social_security;transfer_composite;ui_benefits",6,0.0250000327335126,0.982385703436079,100,3.27335125568861e-08,0.972385703436079,200,0.0250000327335126,0.982385703436079,300,"dflmx_20260403T200845Z_propagate","2026-04-03T20:08:45Z","config_dflmx_poverty_outcomes_baseline","econark-r/dflmx-R/config_dflmx_poverty_outcomes_baseline.R","propagate"
"lp_shock","ui_benefits","poverty_all_q",2,"w100,w200,w300",3,TRUE,"w200",5.17664072341427e-06,0.082106521074128,3,0,FALSE,FALSE,FALSE,0.025,0.025,FALSE,"2026-04-03T20:08:45Z","credit_composite;fed_funds;snap_persons;social_security;transfer_composite;ui_benefits",6,0.0250051766407234,0.092106521074128,100,5.17664072341427e-06,0.082106521074128,200,0.0250051766407234,0.092106521074128,300,"dflmx_20260403T200845Z_propagate","2026-04-03T20:08:45Z","config_dflmx_poverty_outcomes_baseline","econark-r/dflmx-R/config_dflmx_poverty_outcomes_baseline.R","propagate"
"lp_shock","ui_benefits","poverty_all_q",4,"w100,w200,w300",3,TRUE,"w200",9.84587991941564e-06,0.0353177032879282,3,3,FALSE,FALSE,FALSE,0.025,0.025,FALSE,"2026-04-03T20:08:45Z","credit_composite;fed_funds;snap_persons;social_security;transfer_composite;ui_benefits",6,0.0250098458799194,0.0453177032879282,100,9.84587991941564e-06,0.0353177032879282,200,0.0250098458799194,0.0453177032879282,300,"dflmx_20260403T200845Z_propagate","2026-04-03T20:08:45Z","config_dflmx_poverty_outcomes_baseline","econark-r/dflmx-R/config_dflmx_poverty_outcomes_baseline.R","propagate"
"lp_shock","ui_benefits","poverty_all_q",8,"w100,w200,w300",3,TRUE,"w200",7.11598068384924e-06,0.392717406139212,0,0,FALSE,FALSE,FALSE,0.025,0.025,FALSE,"2026-04-03T20:08:45Z","credit_composite;fed_funds;snap_persons;social_security;transfer_composite;ui_benefits",6,0.0250071159806838,0.402717406139212,100,7.11598068384924e-06,0.392717406139212,200,0.0250071159806838,0.402717406139212,300,"dflmx_20260403T200845Z_propagate","2026-04-03T20:08:45Z","config_dflmx_poverty_outcomes_baseline","econark-r/dflmx-R/config_dflmx_poverty_outcomes_baseline.R","propagate"
"lp_shock","ui_benefits","poverty_child_q",2,"w100,w200,w300",3,TRUE,"w200",7.19199405965614e-06,0.162634438041041,0,0,FALSE,FALSE,FALSE,0.025,0.025,FALSE,"2026-04-03T20:08:45Z","credit_composite;fed_funds;snap_persons;social_security;transfer_composite;ui_benefits",6,0.0250071919940597,0.172634438041041,100,7.19199405965614e-06,0.162634438041041,200,0.0250071919940597,0.172634438041041,300,"dflmx_20260403T200845Z_propagate","2026-04-03T20:08:45Z","config_dflmx_poverty_outcomes_baseline","econark-r/dflmx-R/config_dflmx_poverty_outcomes_baseline.R","propagate"
"lp_shock","ui_benefits","poverty_child_q",4,"w100,w200,w300",3,TRUE,"w200",1.30998141756821e-05,0.130466449688122,0,0,FALSE,FALSE,FALSE,0.025,0.025,FALSE,"2026-04-03T20:08:45Z","credit_composite;fed_funds;snap_persons;social_security;transfer_composite;ui_benefits",6,0.0250130998141757,0.140466449688122,100,1.30998141756821e-05,0.130466449688122,200,0.0250130998141757,0.140466449688122,300,"dflmx_20260403T200845Z_propagate","2026-04-03T20:08:45Z","config_dflmx_poverty_outcomes_baseline","econark-r/dflmx-R/config_dflmx_poverty_outcomes_baseline.R","propagate"
"lp_shock","ui_benefits","poverty_child_q",8,"w100,w200,w300",3,TRUE,"w200",6.9793745396557e-06,0.601844540265338,0,0,FALSE,FALSE,FALSE,0.025,0.025,FALSE,"2026-04-03T20:08:45Z","credit_composite;fed_funds;snap_persons;social_security;transfer_composite;ui_benefits",6,0.0250069793745397,0.611844540265338,100,6.9793745396557e-06,0.601844540265338,200,0.0250069793745397,0.611844540265338,300,"dflmx_20260403T200845Z_propagate","2026-04-03T20:08:45Z","config_dflmx_poverty_outcomes_baseline","econark-r/dflmx-R/config_dflmx_poverty_outcomes_baseline.R","propagate"
"lp_shock","ui_benefits","gini_households_q",2,"w100,w200,w300",3,TRUE,"w200",5.42920399389045e-08,0.0187703941208803,3,3,FALSE,FALSE,FALSE,0.025,0.025,FALSE,"2026-04-03T20:08:45Z","credit_composite;fed_funds;snap_persons;social_security;transfer_composite;ui_benefits",6,0.0250000542920399,0.0287703941208803,100,5.42920399389045e-08,0.0187703941208803,200,0.0250000542920399,0.0287703941208803,300,"dflmx_20260403T200845Z_propagate","2026-04-03T20:08:45Z","config_dflmx_poverty_outcomes_baseline","econark-r/dflmx-R/config_dflmx_poverty_outcomes_baseline.R","propagate"
"lp_shock","ui_benefits","gini_households_q",4,"w100,w200,w300",3,TRUE,"w200",8.67268656206855e-08,0.0281676183075565,3,3,FALSE,FALSE,FALSE,0.025,0.025,FALSE,"2026-04-03T20:08:45Z","credit_composite;fed_funds;snap_persons;social_security;transfer_composite;ui_benefits",6,0.0250000867268656,0.0381676183075565,100,8.67268656206855e-08,0.0281676183075565,200,0.0250000867268656,0.0381676183075565,300,"dflmx_20260403T200845Z_propagate","2026-04-03T20:08:45Z","config_dflmx_poverty_outcomes_baseline","econark-r/dflmx-R/config_dflmx_poverty_outcomes_baseline.R","propagate"
"lp_shock","ui_benefits","gini_households_q",8,"w100,w200,w300",3,TRUE,"w200",-1.69416711880867e-08,0.725531884407406,0,0,FALSE,FALSE,FALSE,0.025,0.025,FALSE,"2026-04-03T20:08:45Z","credit_composite;fed_funds;snap_persons;social_security;transfer_composite;ui_benefits",6,-0.0250000169416712,0.735531884407406,100,-1.69416711880867e-08,0.725531884407406,200,-0.0250000169416712,0.735531884407406,300,"dflmx_20260403T200845Z_propagate","2026-04-03T20:08:45Z","config_dflmx_poverty_outcomes_baseline","econark-r/dflmx-R/config_dflmx_poverty_outcomes_baseline.R","propagate"
"lp_shock","ui_benefits","median_real_income_fred_q",2,"w100,w200,w300",3,TRUE,"w200",0.0059617854970296,0.593518934490164,0,0,FALSE,FALSE,FALSE,0.025,0.025,FALSE,"2026-04-03T20:08:45Z","credit_composite;fed_funds;snap_persons;social_security;transfer_composite;ui_benefits",6,0.0309617854970296,0.603518934490164,100,0.0059617854970296,0.593518934490164,200,0.0309617854970296,0.603518934490164,300,"dflmx_20260403T200845Z_propagate","2026-04-03T20:08:45Z","config_dflmx_poverty_outcomes_baseline","econark-r/dflmx-R/config_dflmx_poverty_outcomes_baseline.R","propagate"
"lp_shock","ui_benefits","median_real_income_fred_q",4,"w100,w200,w300",3,TRUE,"w200",-0.000343702883503663,0.987636524595508,0,0,FALSE,FALSE,FALSE,0.025,0.025,FALSE,"2026-04-03T20:08:45Z","credit_composite;fed_funds;snap_persons;social_security;transfer_composite;ui_benefits",6,-0.0253437028835037,0.997636524595508,100,-0.000343702883503663,0.987636524595508,200,-0.0253437028835037,0.997636524595508,300,"dflmx_20260403T200845Z_propagate","2026-04-03T20:08:45Z","config_dflmx_poverty_outcomes_baseline","econark-r/dflmx-R/config_dflmx_poverty_outcomes_baseline.R","propagate"
"lp_shock","ui_benefits","median_real_income_fred_q",8,"w100,w200,w300",3,TRUE,"w200",-0.0312460818803908,0.385085913036216,0,0,FALSE,FALSE,FALSE,0.025,0.025,FALSE,"2026-04-03T20:08:45Z","credit_composite;fed_funds;snap_persons;social_security;transfer_composite;ui_benefits",6,-0.0562460818803907,0.395085913036216,100,-0.0312460818803908,0.385085913036216,200,-0.0562460818803907,0.395085913036216,300,"dflmx_20260403T200845Z_propagate","2026-04-03T20:08:45Z","config_dflmx_poverty_outcomes_baseline","econark-r/dflmx-R/config_dflmx_poverty_outcomes_baseline.R","propagate"
"lp_shock","ui_benefits","wealth_share_gap_top10_bottom50",2,"w100,w200,w300",3,TRUE,"w200",-6.99828974569281e-06,0.139553901889792,0,0,FALSE,FALSE,FALSE,0.025,0.025,FALSE,"2026-04-03T20:08:45Z","credit_composite;fed_funds;snap_persons;social_security;transfer_composite;ui_benefits",6,-0.0250069982897457,0.149553901889792,100,-6.99828974569281e-06,0.139553901889792,200,-0.0250069982897457,0.149553901889792,300,"dflmx_20260403T200845Z_propagate","2026-04-03T20:08:45Z","config_dflmx_poverty_outcomes_baseline","econark-r/dflmx-R/config_dflmx_poverty_outcomes_baseline.R","propagate"
"lp_shock","ui_benefits","wealth_share_gap_top10_bottom50",4,"w100,w200,w300",3,TRUE,"w200",-8.80796217547062e-06,0.258791526293762,0,0,FALSE,FALSE,FALSE,0.025,0.025,FALSE,"2026-04-03T20:08:45Z","credit_composite;fed_funds;snap_persons;social_security;transfer_composite;ui_benefits",6,-0.0250088079621755,0.268791526293762,100,-8.80796217547062e-06,0.258791526293762,200,-0.0250088079621755,0.268791526293762,300,"dflmx_20260403T200845Z_propagate","2026-04-03T20:08:45Z","config_dflmx_poverty_outcomes_baseline","econark-r/dflmx-R/config_dflmx_poverty_outcomes_baseline.R","propagate"
"lp_shock","ui_benefits","wealth_share_gap_top10_bottom50",8,"w100,w200,w300",3,TRUE,"w200",-1.28105736885301e-05,0.342779356150182,0,0,FALSE,FALSE,FALSE,0.025,0.025,FALSE,"2026-04-03T20:08:45Z","credit_composite;fed_funds;snap_persons;social_security;transfer_composite;ui_benefits",6,-0.0250128105736885,0.352779356150182,100,-1.28105736885301e-05,0.342779356150182,200,-0.0250128105736885,0.352779356150182,300,"dflmx_20260403T200845Z_propagate","2026-04-03T20:08:45Z","config_dflmx_poverty_outcomes_baseline","econark-r/dflmx-R/config_dflmx_poverty_outcomes_baseline.R","propagate"
"lp_shock","ui_benefits","wealth_share_gap_top1_bottom50",2,"w100,w200,w300",3,TRUE,"w200",1.08102814000265e-05,0.0213514258391219,3,3,FALSE,FALSE,FALSE,0.025,0.025,FALSE,"2026-04-03T20:08:45Z","credit_composite;fed_funds;snap_persons;social_security;transfer_composite;ui_benefits",6,0.0250108102814,0.0313514258391219,100,1.08102814000265e-05,0.0213514258391219,200,0.0250108102814,0.0313514258391219,300,"dflmx_20260403T200845Z_propagate","2026-04-03T20:08:45Z","config_dflmx_poverty_outcomes_baseline","econark-r/dflmx-R/config_dflmx_poverty_outcomes_baseline.R","propagate"
"lp_shock","ui_benefits","wealth_share_gap_top1_bottom50",4,"w100,w200,w300",3,TRUE,"w200",1.55591341117187e-05,0.00320295807446621,3,3,FALSE,FALSE,FALSE,0.025,0.025,FALSE,"2026-04-03T20:08:45Z","credit_composite;fed_funds;snap_persons;social_security;transfer_composite;ui_benefits",6,0.0250155591341117,0.0132029580744662,100,1.55591341117187e-05,0.00320295807446621,200,0.0250155591341117,0.0132029580744662,300,"dflmx_20260403T200845Z_propagate","2026-04-03T20:08:45Z","config_dflmx_poverty_outcomes_baseline","econark-r/dflmx-R/config_dflmx_poverty_outcomes_baseline.R","propagate"
"lp_shock","ui_benefits","wealth_share_gap_top1_bottom50",8,"w100,w200,w300",3,TRUE,"w200",3.78312740222223e-06,0.693903337873663,0,0,FALSE,FALSE,FALSE,0.025,0.025,FALSE,"2026-04-03T20:08:45Z","credit_composite;fed_funds;snap_persons;social_security;transfer_composite;ui_benefits",6,0.0250037831274022,0.703903337873663,100,3.78312740222223e-06,0.693903337873663,200,0.0250037831274022,0.703903337873663,300,"dflmx_20260403T200845Z_propagate","2026-04-03T20:08:45Z","config_dflmx_poverty_outcomes_baseline","econark-r/dflmx-R/config_dflmx_poverty_outcomes_baseline.R","propagate"
"lp_shock","social_security","poverty_all_q",2,"w100,w200,w300",3,TRUE,"w200",1.85927414870114e-05,0.522545269741601,0,0,FALSE,FALSE,FALSE,0.025,0.025,FALSE,"2026-04-03T20:08:45Z","credit_composite;fed_funds;snap_persons;social_security;transfer_composite;ui_benefits",6,0.025018592741487,0.532545269741601,100,1.85927414870114e-05,0.522545269741601,200,0.025018592741487,0.532545269741601,300,"dflmx_20260403T200845Z_propagate","2026-04-03T20:08:45Z","config_dflmx_poverty_outcomes_baseline","econark-r/dflmx-R/config_dflmx_poverty_outcomes_baseline.R","propagate"
"lp_shock","social_security","poverty_all_q",4,"w100,w200,w300",3,TRUE,"w200",2.77456220262858e-05,0.632993298045685,0,0,FALSE,FALSE,FALSE,0.025,0.025,FALSE,"2026-04-03T20:08:45Z","credit_composite;fed_funds;snap_persons;social_security;transfer_composite;ui_benefits",6,0.0250277456220263,0.642993298045685,100,2.77456220262858e-05,0.632993298045685,200,0.0250277456220263,0.642993298045685,300,"dflmx_20260403T200845Z_propagate","2026-04-03T20:08:45Z","config_dflmx_poverty_outcomes_baseline","econark-r/dflmx-R/config_dflmx_poverty_outcomes_baseline.R","propagate"
"lp_shock","social_security","poverty_all_q",8,"w100,w200,w300",3,TRUE,"w200",3.69174597183499e-05,0.701251097376515,0,0,FALSE,FALSE,FALSE,0.025,0.025,FALSE,"2026-04-03T20:08:45Z","credit_composite;fed_funds;snap_persons;social_security;transfer_composite;ui_benefits",6,0.0250369174597184,0.711251097376515,100,3.69174597183499e-05,0.701251097376515,200,0.0250369174597184,0.711251097376515,300,"dflmx_20260403T200845Z_propagate","2026-04-03T20:08:45Z","config_dflmx_poverty_outcomes_baseline","econark-r/dflmx-R/config_dflmx_poverty_outcomes_baseline.R","propagate"
"lp_shock","social_security","poverty_child_q",2,"w100,w200,w300",3,TRUE,"w200",1.66638165784754e-05,0.696009389016727,0,0,FALSE,FALSE,FALSE,0.025,0.025,FALSE,"2026-04-03T20:08:45Z","credit_composite;fed_funds;snap_persons;social_security;transfer_composite;ui_benefits",6,0.0250166638165785,0.706009389016727,100,1.66638165784754e-05,0.696009389016727,200,0.0250166638165785,0.706009389016727,300,"dflmx_20260403T200845Z_propagate","2026-04-03T20:08:45Z","config_dflmx_poverty_outcomes_baseline","econark-r/dflmx-R/config_dflmx_poverty_outcomes_baseline.R","propagate"
"lp_shock","social_security","poverty_child_q",4,"w100,w200,w300",3,TRUE,"w200",1.44466719171516e-05,0.869165320658583,0,0,FALSE,FALSE,FALSE,0.025,0.025,FALSE,"2026-04-03T20:08:45Z","credit_composite;fed_funds;snap_persons;social_security;transfer_composite;ui_benefits",6,0.0250144466719172,0.879165320658583,100,1.44466719171516e-05,0.869165320658583,200,0.0250144466719172,0.879165320658583,300,"dflmx_20260403T200845Z_propagate","2026-04-03T20:08:45Z","config_dflmx_poverty_outcomes_baseline","econark-r/dflmx-R/config_dflmx_poverty_outcomes_baseline.R","propagate"
"lp_shock","social_security","poverty_child_q",8,"w100,w200,w300",3,TRUE,"w200",3.77593695835828e-05,0.786636129588216,0,0,FALSE,FALSE,FALSE,0.025,0.025,FALSE,"2026-04-03T20:08:45Z","credit_composite;fed_funds;snap_persons;social_security;transfer_composite;ui_benefits",6,0.0250377593695836,0.796636129588216,100,3.77593695835828e-05,0.786636129588216,200,0.0250377593695836,0.796636129588216,300,"dflmx_20260403T200845Z_propagate","2026-04-03T20:08:45Z","config_dflmx_poverty_outcomes_baseline","econark-r/dflmx-R/config_dflmx_poverty_outcomes_baseline.R","propagate"
"lp_shock","social_security","gini_households_q",2,"w100,w200,w300",3,TRUE,"w200",1.1944077110568e-07,0.525646923333033,0,0,FALSE,FALSE,FALSE,0.025,0.025,FALSE,"2026-04-03T20:08:45Z","credit_composite;fed_funds;snap_persons;social_security;transfer_composite;ui_benefits",6,0.0250001194407711,0.535646923333033,100,1.1944077110568e-07,0.525646923333033,200,0.0250001194407711,0.535646923333033,300,"dflmx_20260403T200845Z_propagate","2026-04-03T20:08:45Z","config_dflmx_poverty_outcomes_baseline","econark-r/dflmx-R/config_dflmx_poverty_outcomes_baseline.R","propagate"
"lp_shock","social_security","gini_households_q",4,"w100,w200,w300",3,TRUE,"w200",1.40185544581794e-07,0.701787885112246,0,0,FALSE,FALSE,FALSE,0.025,0.025,FALSE,"2026-04-03T20:08:45Z","credit_composite;fed_funds;snap_persons;social_security;transfer_composite;ui_benefits",6,0.0250001401855446,0.711787885112246,100,1.40185544581794e-07,0.701787885112246,200,0.0250001401855446,0.711787885112246,300,"dflmx_20260403T200845Z_propagate","2026-04-03T20:08:45Z","config_dflmx_poverty_outcomes_baseline","econark-r/dflmx-R/config_dflmx_poverty_outcomes_baseline.R","propagate"
"lp_shock","social_security","gini_households_q",8,"w100,w200,w300",3,TRUE,"w200",-2.91773901252704e-07,0.61174045767716,0,0,FALSE,FALSE,FALSE,0.025,0.025,FALSE,"2026-04-03T20:08:45Z","credit_composite;fed_funds;snap_persons;social_security;transfer_composite;ui_benefits",6,-0.0250002917739013,0.62174045767716,100,-2.91773901252704e-07,0.61174045767716,200,-0.0250002917739013,0.62174045767716,300,"dflmx_20260403T200845Z_propagate","2026-04-03T20:08:45Z","config_dflmx_poverty_outcomes_baseline","econark-r/dflmx-R/config_dflmx_poverty_outcomes_baseline.R","propagate"
"lp_shock","social_security","median_real_income_fred_q",2,"w100,w200,w300",3,TRUE,"w200",0.0554170568402941,0.640569709190916,0,0,FALSE,FALSE,FALSE,0.025,0.025,FALSE,"2026-04-03T20:08:45Z","credit_composite;fed_funds;snap_persons;social_security;transfer_composite;ui_benefits",6,0.0804170568402941,0.650569709190916,100,0.0554170568402941,0.640569709190916,200,0.0804170568402941,0.650569709190916,300,"dflmx_20260403T200845Z_propagate","2026-04-03T20:08:45Z","config_dflmx_poverty_outcomes_baseline","econark-r/dflmx-R/config_dflmx_poverty_outcomes_baseline.R","propagate"
"lp_shock","social_security","median_real_income_fred_q",4,"w100,w200,w300",3,TRUE,"w200",0.032512234907891,0.889767467477365,0,0,FALSE,FALSE,FALSE,0.025,0.025,FALSE,"2026-04-03T20:08:45Z","credit_composite;fed_funds;snap_persons;social_security;transfer_composite;ui_benefits",6,0.057512234907891,0.899767467477365,100,0.032512234907891,0.889767467477365,200,0.057512234907891,0.899767467477365,300,"dflmx_20260403T200845Z_propagate","2026-04-03T20:08:45Z","config_dflmx_poverty_outcomes_baseline","econark-r/dflmx-R/config_dflmx_poverty_outcomes_baseline.R","propagate"
"lp_shock","social_security","median_real_income_fred_q",8,"w100,w200,w300",3,TRUE,"w200",-0.0784886183175442,0.800219086881641,0,0,FALSE,FALSE,FALSE,0.025,0.025,FALSE,"2026-04-03T20:08:45Z","credit_composite;fed_funds;snap_persons;social_security;transfer_composite;ui_benefits",6,-0.103488618317544,0.810219086881641,100,-0.0784886183175442,0.800219086881641,200,-0.103488618317544,0.810219086881641,300,"dflmx_20260403T200845Z_propagate","2026-04-03T20:08:45Z","config_dflmx_poverty_outcomes_baseline","econark-r/dflmx-R/config_dflmx_poverty_outcomes_baseline.R","propagate"
"lp_shock","social_security","wealth_share_gap_top10_bottom50",2,"w100,w200,w300",3,TRUE,"w200",1.32260147520841e-05,0.766044454427567,0,0,FALSE,FALSE,FALSE,0.025,0.025,FALSE,"2026-04-03T20:08:45Z","credit_composite;fed_funds;snap_persons;social_security;transfer_composite;ui_benefits",6,0.0250132260147521,0.776044454427567,100,1.32260147520841e-05,0.766044454427567,200,0.0250132260147521,0.776044454427567,300,"dflmx_20260403T200845Z_propagate","2026-04-03T20:08:45Z","config_dflmx_poverty_outcomes_baseline","econark-r/dflmx-R/config_dflmx_poverty_outcomes_baseline.R","propagate"
"lp_shock","social_security","wealth_share_gap_top10_bottom50",4,"w100,w200,w300",3,TRUE,"w200",1.88551565743027e-05,0.779934505946657,0,0,FALSE,FALSE,FALSE,0.025,0.025,FALSE,"2026-04-03T20:08:45Z","credit_composite;fed_funds;snap_persons;social_security;transfer_composite;ui_benefits",6,0.0250188551565743,0.789934505946657,100,1.88551565743027e-05,0.779934505946657,200,0.0250188551565743,0.789934505946657,300,"dflmx_20260403T200845Z_propagate","2026-04-03T20:08:45Z","config_dflmx_poverty_outcomes_baseline","econark-r/dflmx-R/config_dflmx_poverty_outcomes_baseline.R","propagate"
"lp_shock","social_security","wealth_share_gap_top10_bottom50",8,"w100,w200,w300",3,TRUE,"w200",-2.99215921499153e-05,0.725152497392903,0,0,FALSE,FALSE,FALSE,0.025,0.025,FALSE,"2026-04-03T20:08:45Z","credit_composite;fed_funds;snap_persons;social_security;transfer_composite;ui_benefits",6,-0.0250299215921499,0.735152497392903,100,-2.99215921499153e-05,0.725152497392903,200,-0.0250299215921499,0.735152497392903,300,"dflmx_20260403T200845Z_propagate","2026-04-03T20:08:45Z","config_dflmx_poverty_outcomes_baseline","econark-r/dflmx-R/config_dflmx_poverty_outcomes_baseline.R","propagate"
"lp_shock","social_security","wealth_share_gap_top1_bottom50",2,"w100,w200,w300",3,TRUE,"w200",3.22494898128155e-05,0.599176279778318,0,0,FALSE,FALSE,FALSE,0.025,0.025,FALSE,"2026-04-03T20:08:45Z","credit_composite;fed_funds;snap_persons;social_security;transfer_composite;ui_benefits",6,0.0250322494898128,0.609176279778318,100,3.22494898128155e-05,0.599176279778318,200,0.0250322494898128,0.609176279778318,300,"dflmx_20260403T200845Z_propagate","2026-04-03T20:08:45Z","config_dflmx_poverty_outcomes_baseline","econark-r/dflmx-R/config_dflmx_poverty_outcomes_baseline.R","propagate"
"lp_shock","social_security","wealth_share_gap_top1_bottom50",4,"w100,w200,w300",3,TRUE,"w200",-2.67844944406545e-05,0.726144537005233,0,0,FALSE,FALSE,FALSE,0.025,0.025,FALSE,"2026-04-03T20:08:45Z","credit_composite;fed_funds;snap_persons;social_security;transfer_composite;ui_benefits",6,-0.0250267844944407,0.736144537005233,100,-2.67844944406545e-05,0.726144537005233,200,-0.0250267844944407,0.736144537005233,300,"dflmx_20260403T200845Z_propagate","2026-04-03T20:08:45Z","config_dflmx_poverty_outcomes_baseline","econark-r/dflmx-R/config_dflmx_poverty_outcomes_baseline.R","propagate"
"lp_shock","social_security","wealth_share_gap_top1_bottom50",8,"w100,w200,w300",3,TRUE,"w200",-8.64706804476448e-06,0.952135918244987,0,0,FALSE,FALSE,FALSE,0.025,0.025,FALSE,"2026-04-03T20:08:45Z","credit_composite;fed_funds;snap_persons;social_security;transfer_composite;ui_benefits",6,-0.0250086470680448,0.962135918244987,100,-8.64706804476448e-06,0.952135918244987,200,-0.0250086470680448,0.962135918244987,300,"dflmx_20260403T200845Z_propagate","2026-04-03T20:08:45Z","config_dflmx_poverty_outcomes_baseline","econark-r/dflmx-R/config_dflmx_poverty_outcomes_baseline.R","propagate"
"lp_shock","snap_persons","poverty_all_q",2,"w100,w200,w300",3,TRUE,"w200",1.39712909174533e-05,0.0718245806514518,3,0,FALSE,FALSE,FALSE,0.025,0.025,FALSE,"2026-04-03T20:08:45Z","credit_composite;fed_funds;snap_persons;social_security;transfer_composite;ui_benefits",6,0.0250139712909175,0.0818245806514518,100,1.39712909174533e-05,0.0718245806514518,200,0.0250139712909175,0.0818245806514518,300,"dflmx_20260403T200845Z_propagate","2026-04-03T20:08:45Z","config_dflmx_poverty_outcomes_baseline","econark-r/dflmx-R/config_dflmx_poverty_outcomes_baseline.R","propagate"
"lp_shock","snap_persons","poverty_all_q",4,"w100,w200,w300",3,TRUE,"w200",2.52270029901919e-05,0.059188650045312,3,0,FALSE,FALSE,FALSE,0.025,0.025,FALSE,"2026-04-03T20:08:45Z","credit_composite;fed_funds;snap_persons;social_security;transfer_composite;ui_benefits",6,0.0250252270029902,0.069188650045312,100,2.52270029901919e-05,0.059188650045312,200,0.0250252270029902,0.069188650045312,300,"dflmx_20260403T200845Z_propagate","2026-04-03T20:08:45Z","config_dflmx_poverty_outcomes_baseline","econark-r/dflmx-R/config_dflmx_poverty_outcomes_baseline.R","propagate"
"lp_shock","snap_persons","poverty_all_q",8,"w100,w200,w300",3,TRUE,"w200",2.9182499082195e-05,0.139595750702279,0,0,FALSE,FALSE,FALSE,0.025,0.025,FALSE,"2026-04-03T20:08:45Z","credit_composite;fed_funds;snap_persons;social_security;transfer_composite;ui_benefits",6,0.0250291824990822,0.149595750702279,100,2.9182499082195e-05,0.139595750702279,200,0.0250291824990822,0.149595750702279,300,"dflmx_20260403T200845Z_propagate","2026-04-03T20:08:45Z","config_dflmx_poverty_outcomes_baseline","econark-r/dflmx-R/config_dflmx_poverty_outcomes_baseline.R","propagate"
"lp_shock","snap_persons","poverty_child_q",2,"w100,w200,w300",3,TRUE,"w200",1.83921213912766e-05,0.130596897607766,0,0,FALSE,FALSE,FALSE,0.025,0.025,FALSE,"2026-04-03T20:08:45Z","credit_composite;fed_funds;snap_persons;social_security;transfer_composite;ui_benefits",6,0.0250183921213913,0.140596897607766,100,1.83921213912766e-05,0.130596897607766,200,0.0250183921213913,0.140596897607766,300,"dflmx_20260403T200845Z_propagate","2026-04-03T20:08:45Z","config_dflmx_poverty_outcomes_baseline","econark-r/dflmx-R/config_dflmx_poverty_outcomes_baseline.R","propagate"
"lp_shock","snap_persons","poverty_child_q",4,"w100,w200,w300",3,TRUE,"w200",3.33163067510693e-05,0.123597784893403,0,0,FALSE,FALSE,FALSE,0.025,0.025,FALSE,"2026-04-03T20:08:45Z","credit_composite;fed_funds;snap_persons;social_security;transfer_composite;ui_benefits",6,0.0250333163067511,0.133597784893403,100,3.33163067510693e-05,0.123597784893403,200,0.0250333163067511,0.133597784893403,300,"dflmx_20260403T200845Z_propagate","2026-04-03T20:08:45Z","config_dflmx_poverty_outcomes_baseline","econark-r/dflmx-R/config_dflmx_poverty_outcomes_baseline.R","propagate"
"lp_shock","snap_persons","poverty_child_q",8,"w100,w200,w300",3,TRUE,"w200",4.10147626412373e-05,0.175334075790951,0,0,FALSE,FALSE,FALSE,0.025,0.025,FALSE,"2026-04-03T20:08:45Z","credit_composite;fed_funds;snap_persons;social_security;transfer_composite;ui_benefits",6,0.0250410147626412,0.185334075790951,100,4.10147626412373e-05,0.175334075790951,200,0.0250410147626412,0.185334075790951,300,"dflmx_20260403T200845Z_propagate","2026-04-03T20:08:45Z","config_dflmx_poverty_outcomes_baseline","econark-r/dflmx-R/config_dflmx_poverty_outcomes_baseline.R","propagate"
"lp_shock","snap_persons","gini_households_q",2,"w100,w200,w300",3,TRUE,"w200",6.21653506260735e-08,0.2737432581226,0,0,FALSE,FALSE,FALSE,0.025,0.025,FALSE,"2026-04-03T20:08:45Z","credit_composite;fed_funds;snap_persons;social_security;transfer_composite;ui_benefits",6,0.0250000621653506,0.2837432581226,100,6.21653506260735e-08,0.2737432581226,200,0.0250000621653506,0.2837432581226,300,"dflmx_20260403T200845Z_propagate","2026-04-03T20:08:45Z","config_dflmx_poverty_outcomes_baseline","econark-r/dflmx-R/config_dflmx_poverty_outcomes_baseline.R","propagate"
"lp_shock","snap_persons","gini_households_q",4,"w100,w200,w300",3,TRUE,"w200",9.18923185037361e-08,0.378543204623382,0,0,FALSE,FALSE,FALSE,0.025,0.025,FALSE,"2026-04-03T20:08:45Z","credit_composite;fed_funds;snap_persons;social_security;transfer_composite;ui_benefits",6,0.0250000918923185,0.388543204623382,100,9.18923185037361e-08,0.378543204623382,200,0.0250000918923185,0.388543204623382,300,"dflmx_20260403T200845Z_propagate","2026-04-03T20:08:45Z","config_dflmx_poverty_outcomes_baseline","econark-r/dflmx-R/config_dflmx_poverty_outcomes_baseline.R","propagate"
"lp_shock","snap_persons","gini_households_q",8,"w100,w200,w300",3,TRUE,"w200",-1.32264847246755e-08,0.90318394292254,0,0,FALSE,FALSE,FALSE,0.025,0.025,FALSE,"2026-04-03T20:08:45Z","credit_composite;fed_funds;snap_persons;social_security;transfer_composite;ui_benefits",6,-0.0250000132264847,0.913183942922541,100,-1.32264847246755e-08,0.90318394292254,200,-0.0250000132264847,0.913183942922541,300,"dflmx_20260403T200845Z_propagate","2026-04-03T20:08:45Z","config_dflmx_poverty_outcomes_baseline","econark-r/dflmx-R/config_dflmx_poverty_outcomes_baseline.R","propagate"
"lp_shock","snap_persons","median_real_income_fred_q",2,"w100,w200,w300",3,TRUE,"w200",-0.00565408280693595,0.852176324415854,0,0,FALSE,FALSE,FALSE,0.025,0.025,FALSE,"2026-04-03T20:08:45Z","credit_composite;fed_funds;snap_persons;social_security;transfer_composite;ui_benefits",6,-0.030654082806936,0.862176324415854,100,-0.00565408280693595,0.852176324415854,200,-0.030654082806936,0.862176324415854,300,"dflmx_20260403T200845Z_propagate","2026-04-03T20:08:45Z","config_dflmx_poverty_outcomes_baseline","econark-r/dflmx-R/config_dflmx_poverty_outcomes_baseline.R","propagate"
"lp_shock","snap_persons","median_real_income_fred_q",4,"w100,w200,w300",3,TRUE,"w200",-0.00591459750208099,0.91894701883795,0,0,FALSE,FALSE,FALSE,0.025,0.025,FALSE,"2026-04-03T20:08:45Z","credit_composite;fed_funds;snap_persons;social_security;transfer_composite;ui_benefits",6,-0.030914597502081,0.92894701883795,100,-0.00591459750208099,0.91894701883795,200,-0.030914597502081,0.92894701883795,300,"dflmx_20260403T200845Z_propagate","2026-04-03T20:08:45Z","config_dflmx_poverty_outcomes_baseline","econark-r/dflmx-R/config_dflmx_poverty_outcomes_baseline.R","propagate"
"lp_shock","snap_persons","median_real_income_fred_q",8,"w100,w200,w300",3,TRUE,"w200",-0.0257080145158828,0.740518941313696,0,0,FALSE,FALSE,FALSE,0.025,0.025,FALSE,"2026-04-03T20:08:45Z","credit_composite;fed_funds;snap_persons;social_security;transfer_composite;ui_benefits",6,-0.0507080145158828,0.750518941313696,100,-0.0257080145158828,0.740518941313696,200,-0.0507080145158828,0.750518941313696,300,"dflmx_20260403T200845Z_propagate","2026-04-03T20:08:45Z","config_dflmx_poverty_outcomes_baseline","econark-r/dflmx-R/config_dflmx_poverty_outcomes_baseline.R","propagate"
"lp_shock","snap_persons","wealth_share_gap_top10_bottom50",2,"w100,w200,w300",3,TRUE,"w200",-1.6442181813177e-05,0.102947062389404,0,0,FALSE,FALSE,FALSE,0.025,0.025,FALSE,"2026-04-03T20:08:45Z","credit_composite;fed_funds;snap_persons;social_security;transfer_composite;ui_benefits",6,-0.0250164421818132,0.112947062389404,100,-1.6442181813177e-05,0.102947062389404,200,-0.0250164421818132,0.112947062389404,300,"dflmx_20260403T200845Z_propagate","2026-04-03T20:08:45Z","config_dflmx_poverty_outcomes_baseline","econark-r/dflmx-R/config_dflmx_poverty_outcomes_baseline.R","propagate"
"lp_shock","snap_persons","wealth_share_gap_top10_bottom50",4,"w100,w200,w300",3,TRUE,"w200",-2.7181391419299e-05,0.0549793147065461,3,0,FALSE,FALSE,FALSE,0.025,0.025,FALSE,"2026-04-03T20:08:45Z","credit_composite;fed_funds;snap_persons;social_security;transfer_composite;ui_benefits",6,-0.0250271813914193,0.0649793147065462,100,-2.7181391419299e-05,0.0549793147065461,200,-0.0250271813914193,0.0649793147065462,300,"dflmx_20260403T200845Z_propagate","2026-04-03T20:08:45Z","config_dflmx_poverty_outcomes_baseline","econark-r/dflmx-R/config_dflmx_poverty_outcomes_baseline.R","propagate"
"lp_shock","snap_persons","wealth_share_gap_top10_bottom50",8,"w100,w200,w300",3,TRUE,"w200",-3.39704000391874e-05,0.147102740733023,0,0,FALSE,FALSE,FALSE,0.025,0.025,FALSE,"2026-04-03T20:08:45Z","credit_composite;fed_funds;snap_persons;social_security;transfer_composite;ui_benefits",6,-0.0250339704000392,0.157102740733023,100,-3.39704000391874e-05,0.147102740733023,200,-0.0250339704000392,0.157102740733023,300,"dflmx_20260403T200845Z_propagate","2026-04-03T20:08:45Z","config_dflmx_poverty_outcomes_baseline","econark-r/dflmx-R/config_dflmx_poverty_outcomes_baseline.R","propagate"
"lp_shock","snap_persons","wealth_share_gap_top1_bottom50",2,"w100,w200,w300",3,TRUE,"w200",2.55574956048204e-06,0.83386431366869,0,0,FALSE,FALSE,FALSE,0.025,0.025,FALSE,"2026-04-03T20:08:45Z","credit_composite;fed_funds;snap_persons;social_security;transfer_composite;ui_benefits",6,0.0250025557495605,0.84386431366869,100,2.55574956048204e-06,0.83386431366869,200,0.0250025557495605,0.84386431366869,300,"dflmx_20260403T200845Z_propagate","2026-04-03T20:08:45Z","config_dflmx_poverty_outcomes_baseline","econark-r/dflmx-R/config_dflmx_poverty_outcomes_baseline.R","propagate"
"lp_shock","snap_persons","wealth_share_gap_top1_bottom50",4,"w100,w200,w300",3,TRUE,"w200",4.76506062124702e-06,0.775761953773958,0,0,FALSE,FALSE,FALSE,0.025,0.025,FALSE,"2026-04-03T20:08:45Z","credit_composite;fed_funds;snap_persons;social_security;transfer_composite;ui_benefits",6,0.0250047650606212,0.785761953773958,100,4.76506062124702e-06,0.775761953773958,200,0.0250047650606212,0.785761953773958,300,"dflmx_20260403T200845Z_propagate","2026-04-03T20:08:45Z","config_dflmx_poverty_outcomes_baseline","econark-r/dflmx-R/config_dflmx_poverty_outcomes_baseline.R","propagate"
"lp_shock","snap_persons","wealth_share_gap_top1_bottom50",8,"w100,w200,w300",3,TRUE,"w200",-1.69578741519784e-05,0.496135768652757,0,0,FALSE,FALSE,FALSE,0.025,0.025,FALSE,"2026-04-03T20:08:45Z","credit_composite;fed_funds;snap_persons;social_security;transfer_composite;ui_benefits",6,-0.025016957874152,0.506135768652757,100,-1.69578741519784e-05,0.496135768652757,200,-0.025016957874152,0.506135768652757,300,"dflmx_20260403T200845Z_propagate","2026-04-03T20:08:45Z","config_dflmx_poverty_outcomes_baseline","econark-r/dflmx-R/config_dflmx_poverty_outcomes_baseline.R","propagate"
"lp_shock","credit_composite","poverty_all_q",2,"w100,w200,w300",3,TRUE,"w200",-2.10939048929093e-09,0.466372695632906,0,0,FALSE,FALSE,FALSE,0.025,0.025,FALSE,"2026-04-03T20:08:45Z","credit_composite;fed_funds;snap_persons;social_security;transfer_composite;ui_benefits",6,-0.0250000021093905,0.476372695632906,100,-2.10939048929093e-09,0.466372695632906,200,-0.0250000021093905,0.476372695632906,300,"dflmx_20260403T200845Z_propagate","2026-04-03T20:08:45Z","config_dflmx_poverty_outcomes_baseline","econark-r/dflmx-R/config_dflmx_poverty_outcomes_baseline.R","propagate"
"lp_shock","credit_composite","poverty_all_q",4,"w100,w200,w300",3,TRUE,"w200",-5.56310107399777e-09,0.291224763137239,0,0,FALSE,FALSE,FALSE,0.025,0.025,FALSE,"2026-04-03T20:08:45Z","credit_composite;fed_funds;snap_persons;social_security;transfer_composite;ui_benefits",6,-0.0250000055631011,0.301224763137239,100,-5.56310107399777e-09,0.291224763137239,200,-0.0250000055631011,0.301224763137239,300,"dflmx_20260403T200845Z_propagate","2026-04-03T20:08:45Z","config_dflmx_poverty_outcomes_baseline","econark-r/dflmx-R/config_dflmx_poverty_outcomes_baseline.R","propagate"
"lp_shock","credit_composite","poverty_all_q",8,"w100,w200,w300",3,TRUE,"w200",-1.87083791011082e-09,0.826746727669848,0,0,FALSE,FALSE,FALSE,0.025,0.025,FALSE,"2026-04-03T20:08:45Z","credit_composite;fed_funds;snap_persons;social_security;transfer_composite;ui_benefits",6,-0.0250000018708379,0.836746727669848,100,-1.87083791011082e-09,0.826746727669848,200,-0.0250000018708379,0.836746727669848,300,"dflmx_20260403T200845Z_propagate","2026-04-03T20:08:45Z","config_dflmx_poverty_outcomes_baseline","econark-r/dflmx-R/config_dflmx_poverty_outcomes_baseline.R","propagate"
"lp_shock","credit_composite","poverty_child_q",2,"w100,w200,w300",3,TRUE,"w200",-2.95770408690691e-09,0.511398671730711,0,0,FALSE,FALSE,FALSE,0.025,0.025,FALSE,"2026-04-03T20:08:45Z","credit_composite;fed_funds;snap_persons;social_security;transfer_composite;ui_benefits",6,-0.0250000029577041,0.521398671730711,100,-2.95770408690691e-09,0.511398671730711,200,-0.0250000029577041,0.521398671730711,300,"dflmx_20260403T200845Z_propagate","2026-04-03T20:08:45Z","config_dflmx_poverty_outcomes_baseline","econark-r/dflmx-R/config_dflmx_poverty_outcomes_baseline.R","propagate"
"lp_shock","credit_composite","poverty_child_q",4,"w100,w200,w300",3,TRUE,"w200",-7.38424970073326e-09,0.399775313771938,0,0,FALSE,FALSE,FALSE,0.025,0.025,FALSE,"2026-04-03T20:08:45Z","credit_composite;fed_funds;snap_persons;social_security;transfer_composite;ui_benefits",6,-0.0250000073842497,0.409775313771938,100,-7.38424970073326e-09,0.399775313771938,200,-0.0250000073842497,0.409775313771938,300,"dflmx_20260403T200845Z_propagate","2026-04-03T20:08:45Z","config_dflmx_poverty_outcomes_baseline","econark-r/dflmx-R/config_dflmx_poverty_outcomes_baseline.R","propagate"
"lp_shock","credit_composite","poverty_child_q",8,"w100,w200,w300",3,TRUE,"w200",-1.15939069930443e-10,0.993342306677333,0,0,FALSE,FALSE,FALSE,0.025,0.025,FALSE,"2026-04-03T20:08:45Z","credit_composite;fed_funds;snap_persons;social_security;transfer_composite;ui_benefits",6,-0.0250000001159391,1,100,-1.15939069930443e-10,0.993342306677333,200,-0.0250000001159391,1,300,"dflmx_20260403T200845Z_propagate","2026-04-03T20:08:45Z","config_dflmx_poverty_outcomes_baseline","econark-r/dflmx-R/config_dflmx_poverty_outcomes_baseline.R","propagate"
"lp_shock","credit_composite","gini_households_q",2,"w100,w200,w300",3,TRUE,"w200",-9.30738043423381e-12,0.756569625298836,0,0,FALSE,FALSE,FALSE,0.025,0.025,FALSE,"2026-04-03T20:08:45Z","credit_composite;fed_funds;snap_persons;social_security;transfer_composite;ui_benefits",6,-0.0250000000093074,0.766569625298836,100,-9.30738043423381e-12,0.756569625298836,200,-0.0250000000093074,0.766569625298836,300,"dflmx_20260403T200845Z_propagate","2026-04-03T20:08:45Z","config_dflmx_poverty_outcomes_baseline","econark-r/dflmx-R/config_dflmx_poverty_outcomes_baseline.R","propagate"
"lp_shock","credit_composite","gini_households_q",4,"w100,w200,w300",3,TRUE,"w200",-3.35089456313217e-11,0.495782028868035,0,0,FALSE,FALSE,FALSE,0.025,0.025,FALSE,"2026-04-03T20:08:45Z","credit_composite;fed_funds;snap_persons;social_security;transfer_composite;ui_benefits",6,-0.0250000000335089,0.505782028868035,100,-3.35089456313217e-11,0.495782028868035,200,-0.0250000000335089,0.505782028868035,300,"dflmx_20260403T200845Z_propagate","2026-04-03T20:08:45Z","config_dflmx_poverty_outcomes_baseline","econark-r/dflmx-R/config_dflmx_poverty_outcomes_baseline.R","propagate"
"lp_shock","credit_composite","gini_households_q",8,"w100,w200,w300",3,TRUE,"w200",9.40961987192632e-12,0.862604728346518,0,0,FALSE,FALSE,FALSE,0.025,0.025,FALSE,"2026-04-03T20:08:45Z","credit_composite;fed_funds;snap_persons;social_security;transfer_composite;ui_benefits",6,0.0250000000094096,0.872604728346518,100,9.40961987192632e-12,0.862604728346518,200,0.0250000000094096,0.872604728346518,300,"dflmx_20260403T200845Z_propagate","2026-04-03T20:08:45Z","config_dflmx_poverty_outcomes_baseline","econark-r/dflmx-R/config_dflmx_poverty_outcomes_baseline.R","propagate"
"lp_shock","credit_composite","median_real_income_fred_q",2,"w100,w200,w300",3,TRUE,"w200",-8.26986180066317e-06,0.373982310310543,0,0,FALSE,FALSE,FALSE,0.025,0.025,FALSE,"2026-04-03T20:08:45Z","credit_composite;fed_funds;snap_persons;social_security;transfer_composite;ui_benefits",6,-0.0250082698618007,0.383982310310543,100,-8.26986180066317e-06,0.373982310310543,200,-0.0250082698618007,0.383982310310543,300,"dflmx_20260403T200845Z_propagate","2026-04-03T20:08:45Z","config_dflmx_poverty_outcomes_baseline","econark-r/dflmx-R/config_dflmx_poverty_outcomes_baseline.R","propagate"
"lp_shock","credit_composite","median_real_income_fred_q",4,"w100,w200,w300",3,TRUE,"w200",-6.75252536354961e-06,0.685253277823631,0,0,FALSE,FALSE,FALSE,0.025,0.025,FALSE,"2026-04-03T20:08:45Z","credit_composite;fed_funds;snap_persons;social_security;transfer_composite;ui_benefits",6,-0.0250067525253636,0.695253277823631,100,-6.75252536354961e-06,0.685253277823631,200,-0.0250067525253636,0.695253277823631,300,"dflmx_20260403T200845Z_propagate","2026-04-03T20:08:45Z","config_dflmx_poverty_outcomes_baseline","econark-r/dflmx-R/config_dflmx_poverty_outcomes_baseline.R","propagate"
"lp_shock","credit_composite","median_real_income_fred_q",8,"w100,w200,w300",3,TRUE,"w200",1.50142783434255e-05,0.657504136896512,0,0,FALSE,FALSE,FALSE,0.025,0.025,FALSE,"2026-04-03T20:08:45Z","credit_composite;fed_funds;snap_persons;social_security;transfer_composite;ui_benefits",6,0.0250150142783434,0.667504136896512,100,1.50142783434255e-05,0.657504136896512,200,0.0250150142783434,0.667504136896512,300,"dflmx_20260403T200845Z_propagate","2026-04-03T20:08:45Z","config_dflmx_poverty_outcomes_baseline","econark-r/dflmx-R/config_dflmx_poverty_outcomes_baseline.R","propagate"
"lp_shock","credit_composite","wealth_share_gap_top10_bottom50",2,"w100,w200,w300",3,TRUE,"w200",8.94685482150085e-09,0.0283521521585836,3,3,FALSE,FALSE,FALSE,0.025,0.025,FALSE,"2026-04-03T20:08:45Z","credit_composite;fed_funds;snap_persons;social_security;transfer_composite;ui_benefits",6,0.0250000089468548,0.0383521521585836,100,8.94685482150085e-09,0.0283521521585836,200,0.0250000089468548,0.0383521521585836,300,"dflmx_20260403T200845Z_propagate","2026-04-03T20:08:45Z","config_dflmx_poverty_outcomes_baseline","econark-r/dflmx-R/config_dflmx_poverty_outcomes_baseline.R","propagate"
"lp_shock","credit_composite","wealth_share_gap_top10_bottom50",4,"w100,w200,w300",3,TRUE,"w200",1.2803964209472e-08,0.0294083808830796,3,3,FALSE,FALSE,FALSE,0.025,0.025,FALSE,"2026-04-03T20:08:45Z","credit_composite;fed_funds;snap_persons;social_security;transfer_composite;ui_benefits",6,0.0250000128039642,0.0394083808830796,100,1.2803964209472e-08,0.0294083808830796,200,0.0250000128039642,0.0394083808830796,300,"dflmx_20260403T200845Z_propagate","2026-04-03T20:08:45Z","config_dflmx_poverty_outcomes_baseline","econark-r/dflmx-R/config_dflmx_poverty_outcomes_baseline.R","propagate"
"lp_shock","credit_composite","wealth_share_gap_top10_bottom50",8,"w100,w200,w300",3,TRUE,"w200",1.75659808213143e-08,0.153917554187091,0,0,FALSE,FALSE,FALSE,0.025,0.025,FALSE,"2026-04-03T20:08:45Z","credit_composite;fed_funds;snap_persons;social_security;transfer_composite;ui_benefits",6,0.0250000175659808,0.163917554187091,100,1.75659808213143e-08,0.153917554187091,200,0.0250000175659808,0.163917554187091,300,"dflmx_20260403T200845Z_propagate","2026-04-03T20:08:45Z","config_dflmx_poverty_outcomes_baseline","econark-r/dflmx-R/config_dflmx_poverty_outcomes_baseline.R","propagate"
"lp_shock","credit_composite","wealth_share_gap_top1_bottom50",2,"w100,w200,w300",3,TRUE,"w200",2.21164898516676e-10,0.954399082482728,0,0,FALSE,FALSE,FALSE,0.025,0.025,FALSE,"2026-04-03T20:08:45Z","credit_composite;fed_funds;snap_persons;social_security;transfer_composite;ui_benefits",6,0.0250000002211649,0.964399082482728,100,2.21164898516676e-10,0.954399082482728,200,0.0250000002211649,0.964399082482728,300,"dflmx_20260403T200845Z_propagate","2026-04-03T20:08:45Z","config_dflmx_poverty_outcomes_baseline","econark-r/dflmx-R/config_dflmx_poverty_outcomes_baseline.R","propagate"
"lp_shock","credit_composite","wealth_share_gap_top1_bottom50",4,"w100,w200,w300",3,TRUE,"w200",-3.73127341282018e-09,0.457390337837944,0,0,FALSE,FALSE,FALSE,0.025,0.025,FALSE,"2026-04-03T20:08:45Z","credit_composite;fed_funds;snap_persons;social_security;transfer_composite;ui_benefits",6,-0.0250000037312734,0.467390337837944,100,-3.73127341282018e-09,0.457390337837944,200,-0.0250000037312734,0.467390337837944,300,"dflmx_20260403T200845Z_propagate","2026-04-03T20:08:45Z","config_dflmx_poverty_outcomes_baseline","econark-r/dflmx-R/config_dflmx_poverty_outcomes_baseline.R","propagate"
"lp_shock","credit_composite","wealth_share_gap_top1_bottom50",8,"w100,w200,w300",3,TRUE,"w200",2.2121107595515e-09,0.751487240687434,0,0,FALSE,FALSE,FALSE,0.025,0.025,FALSE,"2026-04-03T20:08:45Z","credit_composite;fed_funds;snap_persons;social_security;transfer_composite;ui_benefits",6,0.0250000022121108,0.761487240687434,100,2.2121107595515e-09,0.751487240687434,200,0.0250000022121108,0.761487240687434,300,"dflmx_20260403T200845Z_propagate","2026-04-03T20:08:45Z","config_dflmx_poverty_outcomes_baseline","econark-r/dflmx-R/config_dflmx_poverty_outcomes_baseline.R","propagate"
