"run_id","estimator","estimand","treatment","outcome","family","horizon","treatment_mode","binary","estimate","se","ci_low","ci_high","p","n","notes","design","run_stage_id","pipeline_run_id","run_timestamp_utc","run_config_id","run_config_path","q_bh"
"20260403T181518_lp","lp","ate","transfer_composite","poverty_all_q","other",8,"shock",FALSE,-6.61163228261251e-08,6.72644869816858e-07,-1.38450026766717e-06,1.25226762201492e-06,0.921993065865618,108,"hac","/private/tmp/econark_results_transfer_wealth.nFXCMa/dass-R/poverty_program_shock_diagnostic/design/design_transfer_composite_poverty_all_q_h8_shock_oosexpanding.csv","lp","dass_20260403T221505Z","2026-04-03T22:15:05Z","config_dass_poverty_program_shock_diagnostic","/Users/shanewray/Library/CloudStorage/OneDrive-Personal/Active/hw/1/1proj/code/econark-r/code/dass-R/config_dass_poverty_program_shock_diagnostic.R",0.931698256032625
"20260403T181518_lp","lp","ate","transfer_composite","poverty_all_q","other",2,"shock",FALSE,-6.51683716660346e-07,8.97619819288083e-07,-2.41101856246499e-06,1.1076511291443e-06,0.47021732738744,112,"hac","/private/tmp/econark_results_transfer_wealth.nFXCMa/dass-R/poverty_program_shock_diagnostic/design/design_transfer_composite_poverty_all_q_h2_shock_oosexpanding.csv","lp","dass_20260403T221505Z","2026-04-03T22:15:05Z","config_dass_poverty_program_shock_diagnostic","/Users/shanewray/Library/CloudStorage/OneDrive-Personal/Active/hw/1/1proj/code/econark-r/code/dass-R/config_dass_poverty_program_shock_diagnostic.R",0.635786808861891
"20260403T181518_lp","lp","ate","transfer_composite","poverty_child_q","other",2,"shock",FALSE,-1.20967001486407e-06,1.456284142768e-06,-4.06398693468935e-06,1.64464690496121e-06,0.408953029569068,112,"hac","/private/tmp/econark_results_transfer_wealth.nFXCMa/dass-R/poverty_program_shock_diagnostic/design/design_transfer_composite_poverty_child_q_h2_shock_oosexpanding.csv","lp","dass_20260403T221505Z","2026-04-03T22:15:05Z","config_dass_poverty_program_shock_diagnostic","/Users/shanewray/Library/CloudStorage/OneDrive-Personal/Active/hw/1/1proj/code/econark-r/code/dass-R/config_dass_poverty_program_shock_diagnostic.R",0.606180230742945
"20260403T181518_lp","lp","ate","transfer_composite","poverty_all_q","other",4,"shock",FALSE,2.6942381730973e-07,8.57332300199529e-07,-1.41094749108135e-06,1.94979512570081e-06,0.754259549477914,111,"hac","/private/tmp/econark_results_transfer_wealth.nFXCMa/dass-R/poverty_program_shock_diagnostic/design/design_transfer_composite_poverty_all_q_h4_shock_oosexpanding.csv","lp","dass_20260403T221505Z","2026-04-03T22:15:05Z","config_dass_poverty_program_shock_diagnostic","/Users/shanewray/Library/CloudStorage/OneDrive-Personal/Active/hw/1/1proj/code/econark-r/code/dass-R/config_dass_poverty_program_shock_diagnostic.R",0.841964148254416
"20260403T181518_dml","dml","ate","transfer_composite","poverty_child_q","other",2,"shock",FALSE,4.27123955410542e-06,1.34166096133682e-06,1.64158406988526e-06,6.90089503832558e-06,0.00189222036559276,112,"crossfit residual-on-residual","/private/tmp/econark_results_transfer_wealth.nFXCMa/dass-R/poverty_program_shock_diagnostic/design/design_transfer_composite_poverty_child_q_h2_shock_oosexpanding.csv","dml","dass_20260403T221505Z","2026-04-03T22:15:05Z","config_dass_poverty_program_shock_diagnostic","/Users/shanewray/Library/CloudStorage/OneDrive-Personal/Active/hw/1/1proj/code/econark-r/code/dass-R/config_dass_poverty_program_shock_diagnostic.R",0.0165139231906277
"20260403T181518_dml","dml","ate","transfer_composite","poverty_all_q","other",8,"shock",FALSE,4.34678643766661e-06,2.22395356982341e-06,-1.21625591872696e-08,8.70573543452049e-06,0.0532723491815874,108,"crossfit residual-on-residual","/private/tmp/econark_results_transfer_wealth.nFXCMa/dass-R/poverty_program_shock_diagnostic/design/design_transfer_composite_poverty_all_q_h8_shock_oosexpanding.csv","dml","dass_20260403T221505Z","2026-04-03T22:15:05Z","config_dass_poverty_program_shock_diagnostic","/Users/shanewray/Library/CloudStorage/OneDrive-Personal/Active/hw/1/1proj/code/econark-r/code/dass-R/config_dass_poverty_program_shock_diagnostic.R",0.164972436175238
"20260403T181518_dml","dml","ate","transfer_composite","poverty_all_q","other",4,"shock",FALSE,1.83678323995156e-06,3.78132014465693e-07,1.0956444915988e-06,2.57792198830432e-06,4.00394310423719e-06,111,"crossfit residual-on-residual","/private/tmp/econark_results_transfer_wealth.nFXCMa/dass-R/poverty_program_shock_diagnostic/design/design_transfer_composite_poverty_all_q_h4_shock_oosexpanding.csv","dml","dass_20260403T221505Z","2026-04-03T22:15:05Z","config_dass_poverty_program_shock_diagnostic","/Users/shanewray/Library/CloudStorage/OneDrive-Personal/Active/hw/1/1proj/code/econark-r/code/dass-R/config_dass_poverty_program_shock_diagnostic.R",0.000192189269003385
"20260403T181518_dml","dml","ate","transfer_composite","poverty_all_q","other",2,"shock",FALSE,1.99124594949786e-06,5.24227086441069e-07,9.6376086007336e-07,3.01873103892235e-06,0.000239015847611898,112,"crossfit residual-on-residual","/private/tmp/econark_results_transfer_wealth.nFXCMa/dass-R/poverty_program_shock_diagnostic/design/design_transfer_composite_poverty_all_q_h2_shock_oosexpanding.csv","dml","dass_20260403T221505Z","2026-04-03T22:15:05Z","config_dass_poverty_program_shock_diagnostic","/Users/shanewray/Library/CloudStorage/OneDrive-Personal/Active/hw/1/1proj/code/econark-r/code/dass-R/config_dass_poverty_program_shock_diagnostic.R",0.00382425356179037
"20260403T181519_lp","lp","ate","transfer_composite","gini_households_q","other",2,"shock",FALSE,5.97112764393164e-09,3.20574048661888e-09,-3.12123709841364e-10,1.22543789977046e-08,0.0666507726029434,112,"hac","/private/tmp/econark_results_transfer_wealth.nFXCMa/dass-R/poverty_program_shock_diagnostic/design/design_transfer_composite_gini_households_q_h2_shock_oosexpanding.csv","lp","dass_20260403T221505Z","2026-04-03T22:15:05Z","config_dass_poverty_program_shock_diagnostic","/Users/shanewray/Library/CloudStorage/OneDrive-Personal/Active/hw/1/1proj/code/econark-r/code/dass-R/config_dass_poverty_program_shock_diagnostic.R",0.18281354771093
"20260403T181519_lp","lp","ate","transfer_composite","poverty_child_q","other",8,"shock",FALSE,-4.86713346461904e-07,9.2951650593885e-07,-2.30856569810205e-06,1.33513900517824e-06,0.602270664878424,108,"hac","/private/tmp/econark_results_transfer_wealth.nFXCMa/dass-R/poverty_program_shock_diagnostic/design/design_transfer_composite_poverty_child_q_h8_shock_oosexpanding.csv","lp","dass_20260403T221505Z","2026-04-03T22:15:05Z","config_dass_poverty_program_shock_diagnostic","/Users/shanewray/Library/CloudStorage/OneDrive-Personal/Active/hw/1/1proj/code/econark-r/code/dass-R/config_dass_poverty_program_shock_diagnostic.R",0.734209102464373
"20260403T181519_lp","lp","ate","transfer_composite","poverty_child_q","other",4,"shock",FALSE,2.51167331933812e-07,1.2582735120938e-06,-2.21504875177004e-06,2.71738341563767e-06,0.842362247939712,111,"hac","/private/tmp/econark_results_transfer_wealth.nFXCMa/dass-R/poverty_program_shock_diagnostic/design/design_transfer_composite_poverty_child_q_h4_shock_oosexpanding.csv","lp","dass_20260403T221505Z","2026-04-03T22:15:05Z","config_dass_poverty_program_shock_diagnostic","/Users/shanewray/Library/CloudStorage/OneDrive-Personal/Active/hw/1/1proj/code/econark-r/code/dass-R/config_dass_poverty_program_shock_diagnostic.R",0.869535223679703
"20260403T181519_lp","lp","ate","transfer_composite","gini_households_q","other",4,"shock",FALSE,1.07315589513075e-08,3.67495571499202e-09,3.52864574992311e-09,1.79344721526918e-08,0.00470356454783129,111,"hac","/private/tmp/econark_results_transfer_wealth.nFXCMa/dass-R/poverty_program_shock_diagnostic/design/design_transfer_composite_gini_households_q_h4_shock_oosexpanding.csv","lp","dass_20260403T221505Z","2026-04-03T22:15:05Z","config_dass_poverty_program_shock_diagnostic","/Users/shanewray/Library/CloudStorage/OneDrive-Personal/Active/hw/1/1proj/code/econark-r/code/dass-R/config_dass_poverty_program_shock_diagnostic.R",0.0322530140422717
"20260403T181519_dml","dml","ate","transfer_composite","poverty_child_q","other",8,"shock",FALSE,7.22712082008674e-06,3.89663126806779e-06,-4.10276465326132e-07,1.48645181054996e-05,0.0664170268051029,108,"crossfit residual-on-residual","/private/tmp/econark_results_transfer_wealth.nFXCMa/dass-R/poverty_program_shock_diagnostic/design/design_transfer_composite_poverty_child_q_h8_shock_oosexpanding.csv","dml","dass_20260403T221505Z","2026-04-03T22:15:05Z","config_dass_poverty_program_shock_diagnostic","/Users/shanewray/Library/CloudStorage/OneDrive-Personal/Active/hw/1/1proj/code/econark-r/code/dass-R/config_dass_poverty_program_shock_diagnostic.R",0.18281354771093
"20260403T181519_dml","dml","ate","transfer_composite","poverty_child_q","other",4,"shock",FALSE,4.03415604390749e-06,1.49339213701373e-06,1.10710745536057e-06,6.96120463245441e-06,0.008010204928392,111,"crossfit residual-on-residual","/private/tmp/econark_results_transfer_wealth.nFXCMa/dass-R/poverty_program_shock_diagnostic/design/design_transfer_composite_poverty_child_q_h4_shock_oosexpanding.csv","dml","dass_20260403T221505Z","2026-04-03T22:15:05Z","config_dass_poverty_program_shock_diagnostic","/Users/shanewray/Library/CloudStorage/OneDrive-Personal/Active/hw/1/1proj/code/econark-r/code/dass-R/config_dass_poverty_program_shock_diagnostic.R",0.0383677517068297
"20260403T181520_dml","dml","ate","transfer_composite","gini_households_q","other",2,"shock",FALSE,1.5473426094185e-09,9.96588490653082e-10,-4.05970832261538e-10,3.50065605109854e-09,0.123381763314776,112,"crossfit residual-on-residual","/private/tmp/econark_results_transfer_wealth.nFXCMa/dass-R/poverty_program_shock_diagnostic/design/design_transfer_composite_gini_households_q_h2_shock_oosexpanding.csv","dml","dass_20260403T221505Z","2026-04-03T22:15:05Z","config_dass_poverty_program_shock_diagnostic","/Users/shanewray/Library/CloudStorage/OneDrive-Personal/Active/hw/1/1proj/code/econark-r/code/dass-R/config_dass_poverty_program_shock_diagnostic.R",0.259523944092422
"20260403T181520_dml","dml","ate","transfer_composite","gini_households_q","other",4,"shock",FALSE,2.53759031361809e-09,1.7960279326253e-09,-9.82624434327504e-10,6.05780506156369e-09,0.16053713166104,111,"crossfit residual-on-residual","/private/tmp/econark_results_transfer_wealth.nFXCMa/dass-R/poverty_program_shock_diagnostic/design/design_transfer_composite_gini_households_q_h4_shock_oosexpanding.csv","dml","dass_20260403T221505Z","2026-04-03T22:15:05Z","config_dass_poverty_program_shock_diagnostic","/Users/shanewray/Library/CloudStorage/OneDrive-Personal/Active/hw/1/1proj/code/econark-r/code/dass-R/config_dass_poverty_program_shock_diagnostic.R",0.32107426332208
"20260403T181520_lp","lp","ate","transfer_composite","wealth_share_gap_top1_bottom50","other",2,"shock",FALSE,6.7966745598037e-07,1.26985930156274e-06,-1.8092567750826e-06,3.16859168704334e-06,0.594162965805259,112,"hac","/private/tmp/econark_results_transfer_wealth.nFXCMa/dass-R/poverty_program_shock_diagnostic/design/design_transfer_composite_wealth_share_gap_top1_bottom50_h2_shock_oosexpanding.csv","lp","dass_20260403T221505Z","2026-04-03T22:15:05Z","config_dass_poverty_program_shock_diagnostic","/Users/shanewray/Library/CloudStorage/OneDrive-Personal/Active/hw/1/1proj/code/econark-r/code/dass-R/config_dass_poverty_program_shock_diagnostic.R",0.734209102464373
"20260403T181520_lp","lp","ate","transfer_composite","gini_households_q","other",8,"shock",FALSE,-4.11300302073145e-09,3.93709169605517e-09,-1.18297027449996e-08,3.60369670353668e-09,0.299925216500984,108,"hac","/private/tmp/econark_results_transfer_wealth.nFXCMa/dass-R/poverty_program_shock_diagnostic/design/design_transfer_composite_gini_households_q_h8_shock_oosexpanding.csv","lp","dass_20260403T221505Z","2026-04-03T22:15:05Z","config_dass_poverty_program_shock_diagnostic","/Users/shanewray/Library/CloudStorage/OneDrive-Personal/Active/hw/1/1proj/code/econark-r/code/dass-R/config_dass_poverty_program_shock_diagnostic.R",0.505137206738499
"20260403T181520_lp","lp","ate","transfer_composite","wealth_share_gap_top1_bottom50","other",4,"shock",FALSE,1.33373369111993e-06,1.24414217674253e-06,-1.10478497529542e-06,3.77225235753528e-06,0.287397292946177,111,"hac","/private/tmp/econark_results_transfer_wealth.nFXCMa/dass-R/poverty_program_shock_diagnostic/design/design_transfer_composite_wealth_share_gap_top1_bottom50_h4_shock_oosexpanding.csv","lp","dass_20260403T221505Z","2026-04-03T22:15:05Z","config_dass_poverty_program_shock_diagnostic","/Users/shanewray/Library/CloudStorage/OneDrive-Personal/Active/hw/1/1proj/code/econark-r/code/dass-R/config_dass_poverty_program_shock_diagnostic.R",0.496486579851581
"20260403T181520_lp","lp","ate","transfer_composite","wealth_share_gap_top1_bottom50","other",8,"shock",FALSE,-1.30024400434057e-06,8.239699910556e-07,-2.91522518680954e-06,3.14737178128411e-07,0.119270361929201,108,"hac","/private/tmp/econark_results_transfer_wealth.nFXCMa/dass-R/poverty_program_shock_diagnostic/design/design_transfer_composite_wealth_share_gap_top1_bottom50_h8_shock_oosexpanding.csv","lp","dass_20260403T221505Z","2026-04-03T22:15:05Z","config_dass_poverty_program_shock_diagnostic","/Users/shanewray/Library/CloudStorage/OneDrive-Personal/Active/hw/1/1proj/code/econark-r/code/dass-R/config_dass_poverty_program_shock_diagnostic.R",0.259523944092422
"20260403T181521_dml","dml","ate","transfer_composite","wealth_share_gap_top1_bottom50","other",2,"shock",FALSE,6.45892298731132e-08,1.67522489060566e-07,-2.63754848685595e-07,3.92933308431822e-07,0.700570436048784,112,"crossfit residual-on-residual","/private/tmp/econark_results_transfer_wealth.nFXCMa/dass-R/poverty_program_shock_diagnostic/design/design_transfer_composite_wealth_share_gap_top1_bottom50_h2_shock_oosexpanding.csv","dml","dass_20260403T221505Z","2026-04-03T22:15:05Z","config_dass_poverty_program_shock_diagnostic","/Users/shanewray/Library/CloudStorage/OneDrive-Personal/Active/hw/1/1proj/code/econark-r/code/dass-R/config_dass_poverty_program_shock_diagnostic.R",0.810298335670883
"20260403T181521_dml","dml","ate","transfer_composite","gini_households_q","other",8,"shock",FALSE,1.31280673887357e-09,3.90809454695441e-09,-6.34705857315708e-09,8.97267205090421e-09,0.737595278153575,108,"crossfit residual-on-residual","/private/tmp/econark_results_transfer_wealth.nFXCMa/dass-R/poverty_program_shock_diagnostic/design/design_transfer_composite_gini_households_q_h8_shock_oosexpanding.csv","dml","dass_20260403T221505Z","2026-04-03T22:15:05Z","config_dass_poverty_program_shock_diagnostic","/Users/shanewray/Library/CloudStorage/OneDrive-Personal/Active/hw/1/1proj/code/econark-r/code/dass-R/config_dass_poverty_program_shock_diagnostic.R",0.833048784738155
"20260403T181521_dml","dml","ate","transfer_composite","wealth_share_gap_top1_bottom50","other",4,"shock",FALSE,7.4673247949029e-07,6.19543760246893e-07,-4.67573290593619e-07,1.9610382495742e-06,0.230699911528848,111,"crossfit residual-on-residual","/private/tmp/econark_results_transfer_wealth.nFXCMa/dass-R/poverty_program_shock_diagnostic/design/design_transfer_composite_wealth_share_gap_top1_bottom50_h4_shock_oosexpanding.csv","dml","dass_20260403T221505Z","2026-04-03T22:15:05Z","config_dass_poverty_program_shock_diagnostic","/Users/shanewray/Library/CloudStorage/OneDrive-Personal/Active/hw/1/1proj/code/econark-r/code/dass-R/config_dass_poverty_program_shock_diagnostic.R",0.442943830135388
"20260403T181521_dml","dml","ate","transfer_composite","wealth_share_gap_top1_bottom50","other",8,"shock",FALSE,3.41159911655671e-07,4.19314476787359e-07,-4.80696462847553e-07,1.1630162861589e-06,0.417690277015005,108,"crossfit residual-on-residual","/private/tmp/econark_results_transfer_wealth.nFXCMa/dass-R/poverty_program_shock_diagnostic/design/design_transfer_composite_wealth_share_gap_top1_bottom50_h8_shock_oosexpanding.csv","dml","dass_20260403T221505Z","2026-04-03T22:15:05Z","config_dass_poverty_program_shock_diagnostic","/Users/shanewray/Library/CloudStorage/OneDrive-Personal/Active/hw/1/1proj/code/econark-r/code/dass-R/config_dass_poverty_program_shock_diagnostic.R",0.606180230742945
"20260403T181521_lp","lp","ate","ui_benefits","poverty_all_q","other",4,"shock",FALSE,1.17249883842294e-05,1.0330069116421e-05,-8.52194708395584e-06,3.19719238524146e-05,0.260232345327205,111,"hac","/private/tmp/econark_results_transfer_wealth.nFXCMa/dass-R/poverty_program_shock_diagnostic/design/design_ui_benefits_poverty_all_q_h4_shock_oosexpanding.csv","lp","dass_20260403T221505Z","2026-04-03T22:15:05Z","config_dass_poverty_program_shock_diagnostic","/Users/shanewray/Library/CloudStorage/OneDrive-Personal/Active/hw/1/1proj/code/econark-r/code/dass-R/config_dass_poverty_program_shock_diagnostic.R",0.483091924990556
"20260403T181521_lp","lp","ate","ui_benefits","poverty_all_q","other",2,"shock",FALSE,-2.00626683153066e-06,8.98618777625587e-06,-1.96191948729922e-05,1.56066612099308e-05,0.823973349523507,112,"hac","/private/tmp/econark_results_transfer_wealth.nFXCMa/dass-R/poverty_program_shock_diagnostic/design/design_ui_benefits_poverty_all_q_h2_shock_oosexpanding.csv","lp","dass_20260403T221505Z","2026-04-03T22:15:05Z","config_dass_poverty_program_shock_diagnostic","/Users/shanewray/Library/CloudStorage/OneDrive-Personal/Active/hw/1/1proj/code/econark-r/code/dass-R/config_dass_poverty_program_shock_diagnostic.R",0.85979827776366
"20260403T181521_lp","lp","ate","ui_benefits","poverty_all_q","other",8,"shock",FALSE,5.83172746230847e-06,7.08438642149353e-06,-8.05366992381884e-06,1.97171248484358e-05,0.413325882347334,108,"hac","/private/tmp/econark_results_transfer_wealth.nFXCMa/dass-R/poverty_program_shock_diagnostic/design/design_ui_benefits_poverty_all_q_h8_shock_oosexpanding.csv","lp","dass_20260403T221505Z","2026-04-03T22:15:05Z","config_dass_poverty_program_shock_diagnostic","/Users/shanewray/Library/CloudStorage/OneDrive-Personal/Active/hw/1/1proj/code/econark-r/code/dass-R/config_dass_poverty_program_shock_diagnostic.R",0.606180230742945
"20260403T181521_lp","lp","ate","ui_benefits","poverty_child_q","other",2,"shock",FALSE,-7.72038335918047e-06,1.3617450154605e-05,-3.44105856622064e-05,1.89698189438454e-05,0.57253774662583,112,"hac","/private/tmp/econark_results_transfer_wealth.nFXCMa/dass-R/poverty_program_shock_diagnostic/design/design_ui_benefits_poverty_child_q_h2_shock_oosexpanding.csv","lp","dass_20260403T221505Z","2026-04-03T22:15:05Z","config_dass_poverty_program_shock_diagnostic","/Users/shanewray/Library/CloudStorage/OneDrive-Personal/Active/hw/1/1proj/code/econark-r/code/dass-R/config_dass_poverty_program_shock_diagnostic.R",0.732848315681062
"20260403T181521_dml","dml","ate","ui_benefits","poverty_all_q","other",4,"shock",FALSE,1.98703459415876e-05,7.31893117272326e-06,5.52524084304999e-06,3.42154510401251e-05,0.00770912081464245,111,"crossfit residual-on-residual","/private/tmp/econark_results_transfer_wealth.nFXCMa/dass-R/poverty_program_shock_diagnostic/design/design_ui_benefits_poverty_all_q_h4_shock_oosexpanding.csv","dml","dass_20260403T221505Z","2026-04-03T22:15:05Z","config_dass_poverty_program_shock_diagnostic","/Users/shanewray/Library/CloudStorage/OneDrive-Personal/Active/hw/1/1proj/code/econark-r/code/dass-R/config_dass_poverty_program_shock_diagnostic.R",0.0383677517068297
"20260403T181522_dml","dml","ate","ui_benefits","poverty_all_q","other",2,"shock",FALSE,2.0011892801417e-05,6.02772521592371e-06,8.19755137820658e-06,3.18262342246275e-05,0.0012218102704384,112,"crossfit residual-on-residual","/private/tmp/econark_results_transfer_wealth.nFXCMa/dass-R/poverty_program_shock_diagnostic/design/design_ui_benefits_poverty_all_q_h2_shock_oosexpanding.csv","dml","dass_20260403T221505Z","2026-04-03T22:15:05Z","config_dass_poverty_program_shock_diagnostic","/Users/shanewray/Library/CloudStorage/OneDrive-Personal/Active/hw/1/1proj/code/econark-r/code/dass-R/config_dass_poverty_program_shock_diagnostic.R",0.0117293785962086
"20260403T181522_dml","dml","ate","ui_benefits","poverty_child_q","other",2,"shock",FALSE,4.10026395137138e-05,1.50395519166056e-05,1.15251177571667e-05,7.04801612702608e-05,0.0074545958529069,112,"crossfit residual-on-residual","/private/tmp/econark_results_transfer_wealth.nFXCMa/dass-R/poverty_program_shock_diagnostic/design/design_ui_benefits_poverty_child_q_h2_shock_oosexpanding.csv","dml","dass_20260403T221505Z","2026-04-03T22:15:05Z","config_dass_poverty_program_shock_diagnostic","/Users/shanewray/Library/CloudStorage/OneDrive-Personal/Active/hw/1/1proj/code/econark-r/code/dass-R/config_dass_poverty_program_shock_diagnostic.R",0.0383677517068297
"20260403T181522_dml","dml","ate","ui_benefits","poverty_all_q","other",8,"shock",FALSE,3.25492927261597e-05,2.04168113392014e-05,-7.46765749867515e-06,7.25662429509945e-05,0.113859834958297,108,"crossfit residual-on-residual","/private/tmp/econark_results_transfer_wealth.nFXCMa/dass-R/poverty_program_shock_diagnostic/design/design_ui_benefits_poverty_all_q_h8_shock_oosexpanding.csv","dml","dass_20260403T221505Z","2026-04-03T22:15:05Z","config_dass_poverty_program_shock_diagnostic","/Users/shanewray/Library/CloudStorage/OneDrive-Personal/Active/hw/1/1proj/code/econark-r/code/dass-R/config_dass_poverty_program_shock_diagnostic.R",0.254198701302244
"20260403T181522_lp","lp","ate","ui_benefits","poverty_child_q","other",8,"shock",FALSE,6.67246135659041e-06,1.04671088322532e-05,-1.38430719546258e-05,2.71879946678067e-05,0.525991652191745,108,"hac","/private/tmp/econark_results_transfer_wealth.nFXCMa/dass-R/poverty_program_shock_diagnostic/design/design_ui_benefits_poverty_child_q_h8_shock_oosexpanding.csv","lp","dass_20260403T221505Z","2026-04-03T22:15:05Z","config_dass_poverty_program_shock_diagnostic","/Users/shanewray/Library/CloudStorage/OneDrive-Personal/Active/hw/1/1proj/code/econark-r/code/dass-R/config_dass_poverty_program_shock_diagnostic.R",0.691715049457637
"20260403T181522_lp","lp","ate","ui_benefits","poverty_child_q","other",4,"shock",FALSE,1.48694120509841e-05,1.52789422842334e-05,-1.50773148261132e-05,4.48161389280815e-05,0.333806741660153,111,"hac","/private/tmp/econark_results_transfer_wealth.nFXCMa/dass-R/poverty_program_shock_diagnostic/design/design_ui_benefits_poverty_child_q_h4_shock_oosexpanding.csv","lp","dass_20260403T221505Z","2026-04-03T22:15:05Z","config_dass_poverty_program_shock_diagnostic","/Users/shanewray/Library/CloudStorage/OneDrive-Personal/Active/hw/1/1proj/code/econark-r/code/dass-R/config_dass_poverty_program_shock_diagnostic.R",0.534090786656245
"20260403T181522_lp","lp","ate","ui_benefits","gini_households_q","other",4,"shock",FALSE,8.6715946379932e-08,3.12571328616936e-08,2.54519659710125e-08,1.47979926788852e-07,0.00708760440834488,111,"hac","/private/tmp/econark_results_transfer_wealth.nFXCMa/dass-R/poverty_program_shock_diagnostic/design/design_ui_benefits_gini_households_q_h4_shock_oosexpanding.csv","lp","dass_20260403T221505Z","2026-04-03T22:15:05Z","config_dass_poverty_program_shock_diagnostic","/Users/shanewray/Library/CloudStorage/OneDrive-Personal/Active/hw/1/1proj/code/econark-r/code/dass-R/config_dass_poverty_program_shock_diagnostic.R",0.0383677517068297
"20260403T181522_lp","lp","ate","ui_benefits","gini_households_q","other",2,"shock",FALSE,6.46230218744598e-08,2.33612458649417e-08,1.8834979979174e-08,1.10411063769746e-07,0.00722309252998342,112,"hac","/private/tmp/econark_results_transfer_wealth.nFXCMa/dass-R/poverty_program_shock_diagnostic/design/design_ui_benefits_gini_households_q_h2_shock_oosexpanding.csv","lp","dass_20260403T221505Z","2026-04-03T22:15:05Z","config_dass_poverty_program_shock_diagnostic","/Users/shanewray/Library/CloudStorage/OneDrive-Personal/Active/hw/1/1proj/code/econark-r/code/dass-R/config_dass_poverty_program_shock_diagnostic.R",0.0383677517068297
"20260403T181522_dml","dml","ate","ui_benefits","poverty_child_q","other",4,"shock",FALSE,3.27460693269719e-05,9.41737068206152e-06,1.42880227901314e-05,5.12041158638125e-05,0.000728888023925674,111,"crossfit residual-on-residual","/private/tmp/econark_results_transfer_wealth.nFXCMa/dass-R/poverty_program_shock_diagnostic/design/design_ui_benefits_poverty_child_q_h4_shock_oosexpanding.csv","dml","dass_20260403T221505Z","2026-04-03T22:15:05Z","config_dass_poverty_program_shock_diagnostic","/Users/shanewray/Library/CloudStorage/OneDrive-Personal/Active/hw/1/1proj/code/econark-r/code/dass-R/config_dass_poverty_program_shock_diagnostic.R",0.00874665628710809
"20260403T181522_dml","dml","ate","ui_benefits","poverty_child_q","other",8,"shock",FALSE,8.84015068204021e-05,5.03220000094273e-05,-1.02296131980754e-05,0.00018703262683888,0.0818537914830935,108,"crossfit residual-on-residual","/private/tmp/econark_results_transfer_wealth.nFXCMa/dass-R/poverty_program_shock_diagnostic/design/design_ui_benefits_poverty_child_q_h8_shock_oosexpanding.csv","dml","dass_20260403T221505Z","2026-04-03T22:15:05Z","config_dass_poverty_program_shock_diagnostic","/Users/shanewray/Library/CloudStorage/OneDrive-Personal/Active/hw/1/1proj/code/econark-r/code/dass-R/config_dass_poverty_program_shock_diagnostic.R",0.204391232801114
"20260403T181523_dml","dml","ate","ui_benefits","gini_households_q","other",2,"shock",FALSE,6.41128986641133e-09,1.4570572373954e-08,-2.21470319865385e-08,3.49696117193611e-08,0.660788636363456,112,"crossfit residual-on-residual","/private/tmp/econark_results_transfer_wealth.nFXCMa/dass-R/poverty_program_shock_diagnostic/design/design_ui_benefits_gini_households_q_h2_shock_oosexpanding.csv","dml","dass_20260403T221505Z","2026-04-03T22:15:05Z","config_dass_poverty_program_shock_diagnostic","/Users/shanewray/Library/CloudStorage/OneDrive-Personal/Active/hw/1/1proj/code/econark-r/code/dass-R/config_dass_poverty_program_shock_diagnostic.R",0.783156902356689
"20260403T181523_dml","dml","ate","ui_benefits","gini_households_q","other",4,"shock",FALSE,1.29655361647698e-08,1.6471293297597e-08,-1.93181986985203e-08,4.524927102806e-08,0.432896703281687,111,"crossfit residual-on-residual","/private/tmp/econark_results_transfer_wealth.nFXCMa/dass-R/poverty_program_shock_diagnostic/design/design_ui_benefits_gini_households_q_h4_shock_oosexpanding.csv","dml","dass_20260403T221505Z","2026-04-03T22:15:05Z","config_dass_poverty_program_shock_diagnostic","/Users/shanewray/Library/CloudStorage/OneDrive-Personal/Active/hw/1/1proj/code/econark-r/code/dass-R/config_dass_poverty_program_shock_diagnostic.R",0.609640101783801
"20260403T181523_lp","lp","ate","ui_benefits","gini_households_q","other",8,"shock",FALSE,-6.1100194691276e-08,3.05924149369658e-08,-1.21061327967729e-07,-1.13906141482317e-09,0.0498635224521631,108,"hac","/private/tmp/econark_results_transfer_wealth.nFXCMa/dass-R/poverty_program_shock_diagnostic/design/design_ui_benefits_gini_households_q_h8_shock_oosexpanding.csv","lp","dass_20260403T221505Z","2026-04-03T22:15:05Z","config_dass_poverty_program_shock_diagnostic","/Users/shanewray/Library/CloudStorage/OneDrive-Personal/Active/hw/1/1proj/code/econark-r/code/dass-R/config_dass_poverty_program_shock_diagnostic.R",0.164972436175238
"20260403T181523_lp","lp","ate","ui_benefits","wealth_share_gap_top1_bottom50","other",2,"shock",FALSE,-4.94609818530636e-06,7.27210778105864e-06,-1.91994294361813e-05,9.30723306556857e-06,0.498623576262935,112,"hac","/private/tmp/econark_results_transfer_wealth.nFXCMa/dass-R/poverty_program_shock_diagnostic/design/design_ui_benefits_wealth_share_gap_top1_bottom50_h2_shock_oosexpanding.csv","lp","dass_20260403T221505Z","2026-04-03T22:15:05Z","config_dass_poverty_program_shock_diagnostic","/Users/shanewray/Library/CloudStorage/OneDrive-Personal/Active/hw/1/1proj/code/econark-r/code/dass-R/config_dass_poverty_program_shock_diagnostic.R",0.664831435017247
"20260403T181523_lp","lp","ate","ui_benefits","wealth_share_gap_top1_bottom50","other",4,"shock",FALSE,-1.44494579336802e-06,8.29100925113884e-06,-1.76953239256001e-05,1.48054323388641e-05,0.862149546068329,111,"hac","/private/tmp/econark_results_transfer_wealth.nFXCMa/dass-R/poverty_program_shock_diagnostic/design/design_ui_benefits_wealth_share_gap_top1_bottom50_h4_shock_oosexpanding.csv","lp","dass_20260403T221505Z","2026-04-03T22:15:05Z","config_dass_poverty_program_shock_diagnostic","/Users/shanewray/Library/CloudStorage/OneDrive-Personal/Active/hw/1/1proj/code/econark-r/code/dass-R/config_dass_poverty_program_shock_diagnostic.R",0.880493153431485
"20260403T181523_lp","lp","ate","ui_benefits","wealth_share_gap_top1_bottom50","other",8,"shock",FALSE,-1.36327045384192e-05,6.88039494089281e-06,-2.71182786225691e-05,-1.4713045426929e-07,0.0516540401217651,108,"hac","/private/tmp/econark_results_transfer_wealth.nFXCMa/dass-R/poverty_program_shock_diagnostic/design/design_ui_benefits_wealth_share_gap_top1_bottom50_h8_shock_oosexpanding.csv","lp","dass_20260403T221505Z","2026-04-03T22:15:05Z","config_dass_poverty_program_shock_diagnostic","/Users/shanewray/Library/CloudStorage/OneDrive-Personal/Active/hw/1/1proj/code/econark-r/code/dass-R/config_dass_poverty_program_shock_diagnostic.R",0.164972436175238
"20260403T181523_dml","dml","ate","ui_benefits","wealth_share_gap_top1_bottom50","other",2,"shock",FALSE,1.87347873325538e-06,2.15980047023482e-06,-2.35973018840486e-06,6.10668765491562e-06,0.387594048417085,112,"crossfit residual-on-residual","/private/tmp/econark_results_transfer_wealth.nFXCMa/dass-R/poverty_program_shock_diagnostic/design/design_ui_benefits_wealth_share_gap_top1_bottom50_h2_shock_oosexpanding.csv","dml","dass_20260403T221505Z","2026-04-03T22:15:05Z","config_dass_poverty_program_shock_diagnostic","/Users/shanewray/Library/CloudStorage/OneDrive-Personal/Active/hw/1/1proj/code/econark-r/code/dass-R/config_dass_poverty_program_shock_diagnostic.R",0.590619502349844
"20260403T181523_dml","dml","ate","ui_benefits","gini_households_q","other",8,"shock",FALSE,2.924853345802e-08,3.75843683649407e-08,-4.44168285372637e-08,1.02913895453304e-07,0.438178823157107,108,"crossfit residual-on-residual","/private/tmp/econark_results_transfer_wealth.nFXCMa/dass-R/poverty_program_shock_diagnostic/design/design_ui_benefits_gini_households_q_h8_shock_oosexpanding.csv","dml","dass_20260403T221505Z","2026-04-03T22:15:05Z","config_dass_poverty_program_shock_diagnostic","/Users/shanewray/Library/CloudStorage/OneDrive-Personal/Active/hw/1/1proj/code/econark-r/code/dass-R/config_dass_poverty_program_shock_diagnostic.R",0.609640101783801
"20260403T181523_dml","dml","ate","ui_benefits","wealth_share_gap_top1_bottom50","other",4,"shock",FALSE,8.29886453625882e-06,7.44180746188656e-06,-6.28707808903883e-06,2.28848071615565e-05,0.267231149169459,111,"crossfit residual-on-residual","/private/tmp/econark_results_transfer_wealth.nFXCMa/dass-R/poverty_program_shock_diagnostic/design/design_ui_benefits_wealth_share_gap_top1_bottom50_h4_shock_oosexpanding.csv","dml","dass_20260403T221505Z","2026-04-03T22:15:05Z","config_dass_poverty_program_shock_diagnostic","/Users/shanewray/Library/CloudStorage/OneDrive-Personal/Active/hw/1/1proj/code/econark-r/code/dass-R/config_dass_poverty_program_shock_diagnostic.R",0.484041326797511
"20260403T181524_dml","dml","ate","ui_benefits","wealth_share_gap_top1_bottom50","other",8,"shock",FALSE,7.59347391862418e-07,3.34377619732016e-06,-5.7944539548851e-06,7.31314873860993e-06,0.82078900844886,108,"crossfit residual-on-residual","/private/tmp/econark_results_transfer_wealth.nFXCMa/dass-R/poverty_program_shock_diagnostic/design/design_ui_benefits_wealth_share_gap_top1_bottom50_h8_shock_oosexpanding.csv","dml","dass_20260403T221505Z","2026-04-03T22:15:05Z","config_dass_poverty_program_shock_diagnostic","/Users/shanewray/Library/CloudStorage/OneDrive-Personal/Active/hw/1/1proj/code/econark-r/code/dass-R/config_dass_poverty_program_shock_diagnostic.R",0.85979827776366
"20260403T181524_lp","lp","ate","social_security","poverty_all_q","other",4,"shock",FALSE,0.000122789969442621,7.05883826354453e-05,-1.55632605228521e-05,0.000261143199408093,0.0863386584510858,111,"hac","/private/tmp/econark_results_transfer_wealth.nFXCMa/dass-R/poverty_program_shock_diagnostic/design/design_social_security_poverty_all_q_h4_shock_oosexpanding.csv","lp","dass_20260403T221505Z","2026-04-03T22:15:05Z","config_dass_poverty_program_shock_diagnostic","/Users/shanewray/Library/CloudStorage/OneDrive-Personal/Active/hw/1/1proj/code/econark-r/code/dass-R/config_dass_poverty_program_shock_diagnostic.R",0.204391232801114
"20260403T181524_lp","lp","ate","social_security","poverty_all_q","other",2,"shock",FALSE,0.000145101509111974,6.69237160754383e-05,1.39310256041149e-05,0.000276271992619833,0.0334992697267538,112,"hac","/private/tmp/econark_results_transfer_wealth.nFXCMa/dass-R/poverty_program_shock_diagnostic/design/design_social_security_poverty_all_q_h2_shock_oosexpanding.csv","lp","dass_20260403T221505Z","2026-04-03T22:15:05Z","config_dass_poverty_program_shock_diagnostic","/Users/shanewray/Library/CloudStorage/OneDrive-Personal/Active/hw/1/1proj/code/econark-r/code/dass-R/config_dass_poverty_program_shock_diagnostic.R",0.119108514584014
"20260403T181524_lp","lp","ate","social_security","poverty_all_q","other",8,"shock",FALSE,0.000102852911650901,5.90498178882399e-05,-1.28847314100489e-05,0.000218590554711852,0.0861329286655761,108,"hac","/private/tmp/econark_results_transfer_wealth.nFXCMa/dass-R/poverty_program_shock_diagnostic/design/design_social_security_poverty_all_q_h8_shock_oosexpanding.csv","lp","dass_20260403T221505Z","2026-04-03T22:15:05Z","config_dass_poverty_program_shock_diagnostic","/Users/shanewray/Library/CloudStorage/OneDrive-Personal/Active/hw/1/1proj/code/econark-r/code/dass-R/config_dass_poverty_program_shock_diagnostic.R",0.204391232801114
"20260403T181524_lp","lp","ate","social_security","poverty_child_q","other",2,"shock",FALSE,0.000227277891832775,9.8980346115915e-05,3.32764134455817e-05,0.000421279370219968,0.0246197445655903,112,"hac","/private/tmp/econark_results_transfer_wealth.nFXCMa/dass-R/poverty_program_shock_diagnostic/design/design_social_security_poverty_child_q_h2_shock_oosexpanding.csv","lp","dass_20260403T221505Z","2026-04-03T22:15:05Z","config_dass_poverty_program_shock_diagnostic","/Users/shanewray/Library/CloudStorage/OneDrive-Personal/Active/hw/1/1proj/code/econark-r/code/dass-R/config_dass_poverty_program_shock_diagnostic.R",0.0984789782623612
"20260403T181525_dml","dml","ate","social_security","poverty_all_q","other",2,"shock",FALSE,7.99820742047357e-05,3.04259031860678e-05,2.03473039600427e-05,0.000139616844449429,0.00979551797017697,112,"crossfit residual-on-residual","/private/tmp/econark_results_transfer_wealth.nFXCMa/dass-R/poverty_program_shock_diagnostic/design/design_social_security_poverty_all_q_h2_shock_oosexpanding.csv","dml","dass_20260403T221505Z","2026-04-03T22:15:05Z","config_dass_poverty_program_shock_diagnostic","/Users/shanewray/Library/CloudStorage/OneDrive-Personal/Active/hw/1/1proj/code/econark-r/code/dass-R/config_dass_poverty_program_shock_diagnostic.R",0.0417116842082675
"20260403T181525_dml","dml","ate","social_security","poverty_all_q","other",4,"shock",FALSE,0.000170438821329412,6.25968652486282e-05,4.77489654421006e-05,0.000293128677216723,0.00753932218546789,111,"crossfit residual-on-residual","/private/tmp/econark_results_transfer_wealth.nFXCMa/dass-R/poverty_program_shock_diagnostic/design/design_social_security_poverty_all_q_h4_shock_oosexpanding.csv","dml","dass_20260403T221505Z","2026-04-03T22:15:05Z","config_dass_poverty_program_shock_diagnostic","/Users/shanewray/Library/CloudStorage/OneDrive-Personal/Active/hw/1/1proj/code/econark-r/code/dass-R/config_dass_poverty_program_shock_diagnostic.R",0.0383677517068297
"20260403T181525_dml","dml","ate","social_security","poverty_all_q","other",8,"shock",FALSE,-0.000169527503818391,0.000167260973300188,-0.000497359011486759,0.000158304003849977,0.313105064171212,108,"crossfit residual-on-residual","/private/tmp/econark_results_transfer_wealth.nFXCMa/dass-R/poverty_program_shock_diagnostic/design/design_social_security_poverty_all_q_h8_shock_oosexpanding.csv","dml","dass_20260403T221505Z","2026-04-03T22:15:05Z","config_dass_poverty_program_shock_diagnostic","/Users/shanewray/Library/CloudStorage/OneDrive-Personal/Active/hw/1/1proj/code/econark-r/code/dass-R/config_dass_poverty_program_shock_diagnostic.R",0.515046119375891
"20260403T181525_dml","dml","ate","social_security","poverty_child_q","other",2,"shock",FALSE,1.97383608783305e-05,2.63990902084407e-05,-3.20038559302132e-05,7.14805776868743e-05,0.456242035604592,112,"crossfit residual-on-residual","/private/tmp/econark_results_transfer_wealth.nFXCMa/dass-R/poverty_program_shock_diagnostic/design/design_social_security_poverty_child_q_h2_shock_oosexpanding.csv","dml","dass_20260403T221505Z","2026-04-03T22:15:05Z","config_dass_poverty_program_shock_diagnostic","/Users/shanewray/Library/CloudStorage/OneDrive-Personal/Active/hw/1/1proj/code/econark-r/code/dass-R/config_dass_poverty_program_shock_diagnostic.R",0.625703363114869
"20260403T181526_lp","lp","ate","social_security","poverty_child_q","other",4,"shock",FALSE,0.000169165311514111,0.000105245181115886,-3.71152434730245e-05,0.000375445866501247,0.112480413442102,111,"hac","/private/tmp/econark_results_transfer_wealth.nFXCMa/dass-R/poverty_program_shock_diagnostic/design/design_social_security_poverty_child_q_h4_shock_oosexpanding.csv","lp","dass_20260403T221505Z","2026-04-03T22:15:05Z","config_dass_poverty_program_shock_diagnostic","/Users/shanewray/Library/CloudStorage/OneDrive-Personal/Active/hw/1/1proj/code/econark-r/code/dass-R/config_dass_poverty_program_shock_diagnostic.R",0.254198701302244
"20260403T181526_lp","lp","ate","social_security","poverty_child_q","other",8,"shock",FALSE,0.000155531396278526,8.61860966180628e-05,-1.33933530928773e-05,0.000324456145649929,0.075631526333964,108,"hac","/private/tmp/econark_results_transfer_wealth.nFXCMa/dass-R/poverty_program_shock_diagnostic/design/design_social_security_poverty_child_q_h8_shock_oosexpanding.csv","lp","dass_20260403T221505Z","2026-04-03T22:15:05Z","config_dass_poverty_program_shock_diagnostic","/Users/shanewray/Library/CloudStorage/OneDrive-Personal/Active/hw/1/1proj/code/econark-r/code/dass-R/config_dass_poverty_program_shock_diagnostic.R",0.196233149407042
"20260403T181526_lp","lp","ate","social_security","gini_households_q","other",2,"shock",FALSE,-6.43987677771796e-08,2.74290332513422e-07,-6.02007819503486e-07,4.73210283949127e-07,0.815052782189885,112,"hac","/private/tmp/econark_results_transfer_wealth.nFXCMa/dass-R/poverty_program_shock_diagnostic/design/design_social_security_gini_households_q_h2_shock_oosexpanding.csv","lp","dass_20260403T221505Z","2026-04-03T22:15:05Z","config_dass_poverty_program_shock_diagnostic","/Users/shanewray/Library/CloudStorage/OneDrive-Personal/Active/hw/1/1proj/code/econark-r/code/dass-R/config_dass_poverty_program_shock_diagnostic.R",0.85979827776366
"20260403T181526_lp","lp","ate","social_security","gini_households_q","other",4,"shock",FALSE,8.22869646228247e-08,3.06448205942064e-07,-5.18351519023622e-07,6.82925448269271e-07,0.789090130945554,111,"hac","/private/tmp/econark_results_transfer_wealth.nFXCMa/dass-R/poverty_program_shock_diagnostic/design/design_social_security_gini_households_q_h4_shock_oosexpanding.csv","lp","dass_20260403T221505Z","2026-04-03T22:15:05Z","config_dass_poverty_program_shock_diagnostic","/Users/shanewray/Library/CloudStorage/OneDrive-Personal/Active/hw/1/1proj/code/econark-r/code/dass-R/config_dass_poverty_program_shock_diagnostic.R",0.857735746048697
"20260403T181527_dml","dml","ate","social_security","poverty_child_q","other",4,"shock",FALSE,0.000140105445991515,9.0467145229275e-05,-3.72101586578639e-05,0.000317421050640894,0.124355223210952,111,"crossfit residual-on-residual","/private/tmp/econark_results_transfer_wealth.nFXCMa/dass-R/poverty_program_shock_diagnostic/design/design_social_security_poverty_child_q_h4_shock_oosexpanding.csv","dml","dass_20260403T221505Z","2026-04-03T22:15:05Z","config_dass_poverty_program_shock_diagnostic","/Users/shanewray/Library/CloudStorage/OneDrive-Personal/Active/hw/1/1proj/code/econark-r/code/dass-R/config_dass_poverty_program_shock_diagnostic.R",0.259523944092422
"20260403T181527_dml","dml","ate","social_security","poverty_child_q","other",8,"shock",FALSE,-0.000110870051209749,0.000220568577253027,-0.000543184462625682,0.000321444360206185,0.616249098703351,108,"crossfit residual-on-residual","/private/tmp/econark_results_transfer_wealth.nFXCMa/dass-R/poverty_program_shock_diagnostic/design/design_social_security_poverty_child_q_h8_shock_oosexpanding.csv","dml","dass_20260403T221505Z","2026-04-03T22:15:05Z","config_dass_poverty_program_shock_diagnostic","/Users/shanewray/Library/CloudStorage/OneDrive-Personal/Active/hw/1/1proj/code/econark-r/code/dass-R/config_dass_poverty_program_shock_diagnostic.R",0.739498918444021
"20260403T181528_dml","dml","ate","social_security","gini_households_q","other",2,"shock",FALSE,1.55994091733849e-07,3.00058745173066e-07,-4.32121048805361e-07,7.44109232273059e-07,0.604192907236307,112,"crossfit residual-on-residual","/private/tmp/econark_results_transfer_wealth.nFXCMa/dass-R/poverty_program_shock_diagnostic/design/design_social_security_gini_households_q_h2_shock_oosexpanding.csv","dml","dass_20260403T221505Z","2026-04-03T22:15:05Z","config_dass_poverty_program_shock_diagnostic","/Users/shanewray/Library/CloudStorage/OneDrive-Personal/Active/hw/1/1proj/code/econark-r/code/dass-R/config_dass_poverty_program_shock_diagnostic.R",0.734209102464373
"20260403T181528_dml","dml","ate","social_security","gini_households_q","other",4,"shock",FALSE,-6.65171801864616e-07,2.47762140453272e-07,-1.15078559715303e-06,-1.79558006576203e-07,0.00839294568586899,111,"crossfit residual-on-residual","/private/tmp/econark_results_transfer_wealth.nFXCMa/dass-R/poverty_program_shock_diagnostic/design/design_social_security_gini_households_q_h4_shock_oosexpanding.csv","dml","dass_20260403T221505Z","2026-04-03T22:15:05Z","config_dass_poverty_program_shock_diagnostic","/Users/shanewray/Library/CloudStorage/OneDrive-Personal/Active/hw/1/1proj/code/econark-r/code/dass-R/config_dass_poverty_program_shock_diagnostic.R",0.0383677517068297
"20260403T181528_lp","lp","ate","social_security","wealth_share_gap_top1_bottom50","other",2,"shock",FALSE,6.021988500053e-05,5.32238485900101e-05,-4.40988582358898e-05,0.00016453862823695,0.261674792703218,112,"hac","/private/tmp/econark_results_transfer_wealth.nFXCMa/dass-R/poverty_program_shock_diagnostic/design/design_social_security_wealth_share_gap_top1_bottom50_h2_shock_oosexpanding.csv","lp","dass_20260403T221505Z","2026-04-03T22:15:05Z","config_dass_poverty_program_shock_diagnostic","/Users/shanewray/Library/CloudStorage/OneDrive-Personal/Active/hw/1/1proj/code/econark-r/code/dass-R/config_dass_poverty_program_shock_diagnostic.R",0.483091924990556
"20260403T181528_lp","lp","ate","social_security","gini_households_q","other",8,"shock",FALSE,-1.21865774545222e-07,2.26786305735881e-07,-5.66366933787549e-07,3.22635384697105e-07,0.592799590631943,108,"hac","/private/tmp/econark_results_transfer_wealth.nFXCMa/dass-R/poverty_program_shock_diagnostic/design/design_social_security_gini_households_q_h8_shock_oosexpanding.csv","lp","dass_20260403T221505Z","2026-04-03T22:15:05Z","config_dass_poverty_program_shock_diagnostic","/Users/shanewray/Library/CloudStorage/OneDrive-Personal/Active/hw/1/1proj/code/econark-r/code/dass-R/config_dass_poverty_program_shock_diagnostic.R",0.734209102464373
"20260403T181528_lp","lp","ate","social_security","wealth_share_gap_top1_bottom50","other",4,"shock",FALSE,6.52029083418385e-05,8.09128096756878e-05,-9.33861986225096e-05,0.000223792015306187,0.423063286039347,111,"hac","/private/tmp/econark_results_transfer_wealth.nFXCMa/dass-R/poverty_program_shock_diagnostic/design/design_social_security_wealth_share_gap_top1_bottom50_h4_shock_oosexpanding.csv","lp","dass_20260403T221505Z","2026-04-03T22:15:05Z","config_dass_poverty_program_shock_diagnostic","/Users/shanewray/Library/CloudStorage/OneDrive-Personal/Active/hw/1/1proj/code/econark-r/code/dass-R/config_dass_poverty_program_shock_diagnostic.R",0.606180230742945
"20260403T181529_lp","lp","ate","social_security","wealth_share_gap_top1_bottom50","other",8,"shock",FALSE,0.000141809742304204,6.39171731934223e-05,1.65320828450967e-05,0.000267087401763312,0.0299028147825164,108,"hac","/private/tmp/econark_results_transfer_wealth.nFXCMa/dass-R/poverty_program_shock_diagnostic/design/design_social_security_wealth_share_gap_top1_bottom50_h8_shock_oosexpanding.csv","lp","dass_20260403T221505Z","2026-04-03T22:15:05Z","config_dass_poverty_program_shock_diagnostic","/Users/shanewray/Library/CloudStorage/OneDrive-Personal/Active/hw/1/1proj/code/econark-r/code/dass-R/config_dass_poverty_program_shock_diagnostic.R",0.110410393043137
"20260403T181529_dml","dml","ate","social_security","wealth_share_gap_top1_bottom50","other",2,"shock",FALSE,-0.000159578596233582,5.25126697662466e-05,-0.000262503428975425,-5.66537634917384e-05,0.00296724183767935,112,"crossfit residual-on-residual","/private/tmp/econark_results_transfer_wealth.nFXCMa/dass-R/poverty_program_shock_diagnostic/design/design_social_security_wealth_share_gap_top1_bottom50_h2_shock_oosexpanding.csv","dml","dass_20260403T221505Z","2026-04-03T22:15:05Z","config_dass_poverty_program_shock_diagnostic","/Users/shanewray/Library/CloudStorage/OneDrive-Personal/Active/hw/1/1proj/code/econark-r/code/dass-R/config_dass_poverty_program_shock_diagnostic.R",0.0237379347014348
"20260403T181530_dml","dml","ate","social_security","gini_households_q","other",8,"shock",FALSE,-1.15538120842921e-06,3.84444874750743e-07,-1.90889316294066e-06,-4.01869253917751e-07,0.00331177543156649,108,"crossfit residual-on-residual","/private/tmp/econark_results_transfer_wealth.nFXCMa/dass-R/poverty_program_shock_diagnostic/design/design_social_security_gini_households_q_h8_shock_oosexpanding.csv","dml","dass_20260403T221505Z","2026-04-03T22:15:05Z","config_dass_poverty_program_shock_diagnostic","/Users/shanewray/Library/CloudStorage/OneDrive-Personal/Active/hw/1/1proj/code/econark-r/code/dass-R/config_dass_poverty_program_shock_diagnostic.R",0.0244561878023372
"20260403T181530_dml","dml","ate","social_security","wealth_share_gap_top1_bottom50","other",4,"shock",FALSE,-5.29909497693613e-05,9.22049488366289e-05,-0.000233712649489154,0.000127730749950431,0.566672882144256,111,"crossfit residual-on-residual","/private/tmp/econark_results_transfer_wealth.nFXCMa/dass-R/poverty_program_shock_diagnostic/design/design_social_security_wealth_share_gap_top1_bottom50_h4_shock_oosexpanding.csv","dml","dass_20260403T221505Z","2026-04-03T22:15:05Z","config_dass_poverty_program_shock_diagnostic","/Users/shanewray/Library/CloudStorage/OneDrive-Personal/Active/hw/1/1proj/code/econark-r/code/dass-R/config_dass_poverty_program_shock_diagnostic.R",0.732848315681062
"20260403T181530_lp","lp","ate","snap_persons","poverty_all_q","other",4,"shock",FALSE,4.35640973941746e-05,9.99803387420961e-06,2.39679510007237e-05,6.31602437876254e-05,4.42094478392695e-05,111,"hac","/private/tmp/econark_results_transfer_wealth.nFXCMa/dass-R/poverty_program_shock_diagnostic/design/design_snap_persons_poverty_all_q_h4_shock_oosexpanding.csv","lp","dass_20260403T221505Z","2026-04-03T22:15:05Z","config_dass_poverty_program_shock_diagnostic","/Users/shanewray/Library/CloudStorage/OneDrive-Personal/Active/hw/1/1proj/code/econark-r/code/dass-R/config_dass_poverty_program_shock_diagnostic.R",0.00135598800985949
"20260403T181530_dml","dml","ate","social_security","wealth_share_gap_top1_bottom50","other",8,"shock",FALSE,0.000105610026724918,0.000118507123880527,-0.000126663936080916,0.000337883989530752,0.374856207535778,108,"crossfit residual-on-residual","/private/tmp/econark_results_transfer_wealth.nFXCMa/dass-R/poverty_program_shock_diagnostic/design/design_social_security_wealth_share_gap_top1_bottom50_h8_shock_oosexpanding.csv","dml","dass_20260403T221505Z","2026-04-03T22:15:05Z","config_dass_poverty_program_shock_diagnostic","/Users/shanewray/Library/CloudStorage/OneDrive-Personal/Active/hw/1/1proj/code/econark-r/code/dass-R/config_dass_poverty_program_shock_diagnostic.R",0.580422514894108
"20260403T181530_lp","lp","ate","snap_persons","poverty_all_q","other",2,"shock",FALSE,2.3532159828119e-05,1.10130208886969e-05,1.94663888627306e-06,4.51176807699649e-05,0.0360645945092603,112,"hac","/private/tmp/econark_results_transfer_wealth.nFXCMa/dass-R/poverty_program_shock_diagnostic/design/design_snap_persons_poverty_all_q_h2_shock_oosexpanding.csv","lp","dass_20260403T221505Z","2026-04-03T22:15:05Z","config_dass_poverty_program_shock_diagnostic","/Users/shanewray/Library/CloudStorage/OneDrive-Personal/Active/hw/1/1proj/code/econark-r/code/dass-R/config_dass_poverty_program_shock_diagnostic.R",0.123650038317464
"20260403T181530_lp","lp","ate","snap_persons","poverty_all_q","other",8,"shock",FALSE,3.28067061564127e-05,9.1935536268263e-06,1.47873410478332e-05,5.08260712649923e-05,0.000669285303772803,108,"hac","/private/tmp/econark_results_transfer_wealth.nFXCMa/dass-R/poverty_program_shock_diagnostic/design/design_snap_persons_poverty_all_q_h8_shock_oosexpanding.csv","lp","dass_20260403T221505Z","2026-04-03T22:15:05Z","config_dass_poverty_program_shock_diagnostic","/Users/shanewray/Library/CloudStorage/OneDrive-Personal/Active/hw/1/1proj/code/econark-r/code/dass-R/config_dass_poverty_program_shock_diagnostic.R",0.00874665628710809
"20260403T181530_dml","dml","ate","snap_persons","poverty_all_q","other",4,"shock",FALSE,2.03120486293305e-05,9.13595895025433e-06,2.40556908683202e-06,3.8218528171829e-05,0.0282581471162265,111,"crossfit residual-on-residual","/private/tmp/econark_results_transfer_wealth.nFXCMa/dass-R/poverty_program_shock_diagnostic/design/design_snap_persons_poverty_all_q_h4_shock_oosexpanding.csv","dml","dass_20260403T221505Z","2026-04-03T22:15:05Z","config_dass_poverty_program_shock_diagnostic","/Users/shanewray/Library/CloudStorage/OneDrive-Personal/Active/hw/1/1proj/code/econark-r/code/dass-R/config_dass_poverty_program_shock_diagnostic.R",0.10851128492631
"20260403T181530_lp","lp","ate","snap_persons","poverty_child_q","other",2,"shock",FALSE,2.85777070315877e-05,1.64825949339939e-05,-3.7281790390404e-06,6.08835931022158e-05,0.0872920890088091,112,"hac","/private/tmp/econark_results_transfer_wealth.nFXCMa/dass-R/poverty_program_shock_diagnostic/design/design_snap_persons_poverty_child_q_h2_shock_oosexpanding.csv","lp","dass_20260403T221505Z","2026-04-03T22:15:05Z","config_dass_poverty_program_shock_diagnostic","/Users/shanewray/Library/CloudStorage/OneDrive-Personal/Active/hw/1/1proj/code/econark-r/code/dass-R/config_dass_poverty_program_shock_diagnostic.R",0.204391232801114
"20260403T181531_dml","dml","ate","snap_persons","poverty_all_q","other",2,"shock",FALSE,7.11569186814666e-06,6.68709996173397e-06,-5.99102405685193e-06,2.02224077931452e-05,0.289617171580089,112,"crossfit residual-on-residual","/private/tmp/econark_results_transfer_wealth.nFXCMa/dass-R/poverty_program_shock_diagnostic/design/design_snap_persons_poverty_all_q_h2_shock_oosexpanding.csv","dml","dass_20260403T221505Z","2026-04-03T22:15:05Z","config_dass_poverty_program_shock_diagnostic","/Users/shanewray/Library/CloudStorage/OneDrive-Personal/Active/hw/1/1proj/code/econark-r/code/dass-R/config_dass_poverty_program_shock_diagnostic.R",0.496486579851581
"20260403T181531_dml","dml","ate","snap_persons","poverty_all_q","other",8,"shock",FALSE,2.96746831807933e-05,7.1714342777671e-05,-0.000110885428663442,0.000170234795025029,0.679863876245362,108,"crossfit residual-on-residual","/private/tmp/econark_results_transfer_wealth.nFXCMa/dass-R/poverty_program_shock_diagnostic/design/design_snap_persons_poverty_all_q_h8_shock_oosexpanding.csv","dml","dass_20260403T221505Z","2026-04-03T22:15:05Z","config_dass_poverty_program_shock_diagnostic","/Users/shanewray/Library/CloudStorage/OneDrive-Personal/Active/hw/1/1proj/code/econark-r/code/dass-R/config_dass_poverty_program_shock_diagnostic.R",0.795938196579936
"20260403T181531_lp","lp","ate","snap_persons","poverty_child_q","other",8,"shock",FALSE,5.30907590600663e-05,1.23436513567772e-05,2.88972024007829e-05,7.72843157193496e-05,5.64995004108119e-05,108,"hac","/private/tmp/econark_results_transfer_wealth.nFXCMa/dass-R/poverty_program_shock_diagnostic/design/design_snap_persons_poverty_child_q_h8_shock_oosexpanding.csv","lp","dass_20260403T221505Z","2026-04-03T22:15:05Z","config_dass_poverty_program_shock_diagnostic","/Users/shanewray/Library/CloudStorage/OneDrive-Personal/Active/hw/1/1proj/code/econark-r/code/dass-R/config_dass_poverty_program_shock_diagnostic.R",0.00135598800985949
"20260403T181531_dml","dml","ate","snap_persons","poverty_child_q","other",2,"shock",FALSE,1.29521294279945e-05,1.38477627950555e-05,-1.41894856503143e-05,4.00937445063032e-05,0.351670728195269,112,"crossfit residual-on-residual","/private/tmp/econark_results_transfer_wealth.nFXCMa/dass-R/poverty_program_shock_diagnostic/design/design_snap_persons_poverty_child_q_h2_shock_oosexpanding.csv","dml","dass_20260403T221505Z","2026-04-03T22:15:05Z","config_dass_poverty_program_shock_diagnostic","/Users/shanewray/Library/CloudStorage/OneDrive-Personal/Active/hw/1/1proj/code/econark-r/code/dass-R/config_dass_poverty_program_shock_diagnostic.R",0.553449014864686
"20260403T181531_lp","lp","ate","snap_persons","poverty_child_q","other",4,"shock",FALSE,6.02963841563758e-05,1.42822839798282e-05,3.23031075559125e-05,8.8289660756839e-05,7.16292593583535e-05,111,"hac","/private/tmp/econark_results_transfer_wealth.nFXCMa/dass-R/poverty_program_shock_diagnostic/design/design_snap_persons_poverty_child_q_h4_shock_oosexpanding.csv","lp","dass_20260403T221505Z","2026-04-03T22:15:05Z","config_dass_poverty_program_shock_diagnostic","/Users/shanewray/Library/CloudStorage/OneDrive-Personal/Active/hw/1/1proj/code/econark-r/code/dass-R/config_dass_poverty_program_shock_diagnostic.R",0.00137528177968039
"20260403T181531_lp","lp","ate","snap_persons","gini_households_q","other",2,"shock",FALSE,-2.36630876295435e-08,6.38872296293771e-08,-1.48882057703123e-07,1.01555882444036e-07,0.712195821658595,112,"hac","/private/tmp/econark_results_transfer_wealth.nFXCMa/dass-R/poverty_program_shock_diagnostic/design/design_snap_persons_gini_households_q_h2_shock_oosexpanding.csv","lp","dass_20260403T221505Z","2026-04-03T22:15:05Z","config_dass_poverty_program_shock_diagnostic","/Users/shanewray/Library/CloudStorage/OneDrive-Personal/Active/hw/1/1proj/code/econark-r/code/dass-R/config_dass_poverty_program_shock_diagnostic.R",0.813938081895537
"20260403T181531_dml","dml","ate","snap_persons","poverty_child_q","other",8,"shock",FALSE,2.85680240712799e-05,0.000109780630577779,-0.000186602011861168,0.000243738060003727,0.79519251456598,108,"crossfit residual-on-residual","/private/tmp/econark_results_transfer_wealth.nFXCMa/dass-R/poverty_program_shock_diagnostic/design/design_snap_persons_poverty_child_q_h8_shock_oosexpanding.csv","dml","dass_20260403T221505Z","2026-04-03T22:15:05Z","config_dass_poverty_program_shock_diagnostic","/Users/shanewray/Library/CloudStorage/OneDrive-Personal/Active/hw/1/1proj/code/econark-r/code/dass-R/config_dass_poverty_program_shock_diagnostic.R",0.857735746048697
"20260403T181531_lp","lp","ate","snap_persons","gini_households_q","other",4,"shock",FALSE,9.85380700181687e-08,5.11773928437037e-08,-1.76961995549058e-09,1.98845759991828e-07,0.0582397712993973,111,"hac","/private/tmp/econark_results_transfer_wealth.nFXCMa/dass-R/poverty_program_shock_diagnostic/design/design_snap_persons_gini_households_q_h4_shock_oosexpanding.csv","lp","dass_20260403T221505Z","2026-04-03T22:15:05Z","config_dass_poverty_program_shock_diagnostic","/Users/shanewray/Library/CloudStorage/OneDrive-Personal/Active/hw/1/1proj/code/econark-r/code/dass-R/config_dass_poverty_program_shock_diagnostic.R",0.16942478923461
"20260403T181532_dml","dml","ate","snap_persons","poverty_child_q","other",4,"shock",FALSE,2.79023649555031e-05,1.86858282523182e-05,-8.72185841904067e-06,6.45265883300468e-05,0.138264268272538,111,"crossfit residual-on-residual","/private/tmp/econark_results_transfer_wealth.nFXCMa/dass-R/poverty_program_shock_diagnostic/design/design_snap_persons_poverty_child_q_h4_shock_oosexpanding.csv","dml","dass_20260403T221505Z","2026-04-03T22:15:05Z","config_dass_poverty_program_shock_diagnostic","/Users/shanewray/Library/CloudStorage/OneDrive-Personal/Active/hw/1/1proj/code/econark-r/code/dass-R/config_dass_poverty_program_shock_diagnostic.R",0.282412122429014
"20260403T181532_lp","lp","ate","snap_persons","wealth_share_gap_top1_bottom50","other",2,"shock",FALSE,-3.10327435635567e-05,9.0107639290407e-06,-4.86938408644765e-05,-1.33716462626369e-05,0.000965629226308422,112,"hac","/private/tmp/econark_results_transfer_wealth.nFXCMa/dass-R/poverty_program_shock_diagnostic/design/design_snap_persons_wealth_share_gap_top1_bottom50_h2_shock_oosexpanding.csv","lp","dass_20260403T221505Z","2026-04-03T22:15:05Z","config_dass_poverty_program_shock_diagnostic","/Users/shanewray/Library/CloudStorage/OneDrive-Personal/Active/hw/1/1proj/code/econark-r/code/dass-R/config_dass_poverty_program_shock_diagnostic.R",0.0103000450806232
"20260403T181532_dml","dml","ate","snap_persons","gini_households_q","other",2,"shock",FALSE,5.2991554639889e-08,5.26662468640243e-08,-5.02342892135987e-08,1.56217398493377e-07,0.316538760866433,112,"crossfit residual-on-residual","/private/tmp/econark_results_transfer_wealth.nFXCMa/dass-R/poverty_program_shock_diagnostic/design/design_snap_persons_gini_households_q_h2_shock_oosexpanding.csv","dml","dass_20260403T221505Z","2026-04-03T22:15:05Z","config_dass_poverty_program_shock_diagnostic","/Users/shanewray/Library/CloudStorage/OneDrive-Personal/Active/hw/1/1proj/code/econark-r/code/dass-R/config_dass_poverty_program_shock_diagnostic.R",0.515046119375891
"20260403T181532_lp","lp","ate","snap_persons","gini_households_q","other",8,"shock",FALSE,-1.61203083427025e-10,4.91718426902557e-08,-9.65380147563282e-08,9.62156085894742e-08,0.997393992319896,108,"hac","/private/tmp/econark_results_transfer_wealth.nFXCMa/dass-R/poverty_program_shock_diagnostic/design/design_snap_persons_gini_households_q_h8_shock_oosexpanding.csv","lp","dass_20260403T221505Z","2026-04-03T22:15:05Z","config_dass_poverty_program_shock_diagnostic","/Users/shanewray/Library/CloudStorage/OneDrive-Personal/Active/hw/1/1proj/code/econark-r/code/dass-R/config_dass_poverty_program_shock_diagnostic.R",0.997393992319896
"20260403T181532_dml","dml","ate","snap_persons","gini_households_q","other",4,"shock",FALSE,1.9405416125707e-08,6.85545590050077e-08,-1.14961519524108e-07,1.53772351775522e-07,0.777663672420402,111,"crossfit residual-on-residual","/private/tmp/econark_results_transfer_wealth.nFXCMa/dass-R/poverty_program_shock_diagnostic/design/design_snap_persons_gini_households_q_h4_shock_oosexpanding.csv","dml","dass_20260403T221505Z","2026-04-03T22:15:05Z","config_dass_poverty_program_shock_diagnostic","/Users/shanewray/Library/CloudStorage/OneDrive-Personal/Active/hw/1/1proj/code/econark-r/code/dass-R/config_dass_poverty_program_shock_diagnostic.R",0.857735746048697
"20260403T181532_lp","lp","ate","snap_persons","wealth_share_gap_top1_bottom50","other",4,"shock",FALSE,-1.49368662654949e-05,1.38805535077747e-05,-4.21427511407333e-05,1.22690186097436e-05,0.285577367757532,111,"hac","/private/tmp/econark_results_transfer_wealth.nFXCMa/dass-R/poverty_program_shock_diagnostic/design/design_snap_persons_wealth_share_gap_top1_bottom50_h4_shock_oosexpanding.csv","lp","dass_20260403T221505Z","2026-04-03T22:15:05Z","config_dass_poverty_program_shock_diagnostic","/Users/shanewray/Library/CloudStorage/OneDrive-Personal/Active/hw/1/1proj/code/econark-r/code/dass-R/config_dass_poverty_program_shock_diagnostic.R",0.496486579851581
"20260403T181532_dml","dml","ate","snap_persons","wealth_share_gap_top1_bottom50","other",2,"shock",FALSE,-5.6811938716256e-05,8.16567391631638e-06,-7.28166595922361e-05,-4.08072178402759e-05,2.62125356617205e-10,112,"crossfit residual-on-residual","/private/tmp/econark_results_transfer_wealth.nFXCMa/dass-R/poverty_program_shock_diagnostic/design/design_snap_persons_wealth_share_gap_top1_bottom50_h2_shock_oosexpanding.csv","dml","dass_20260403T221505Z","2026-04-03T22:15:05Z","config_dass_poverty_program_shock_diagnostic","/Users/shanewray/Library/CloudStorage/OneDrive-Personal/Active/hw/1/1proj/code/econark-r/code/dass-R/config_dass_poverty_program_shock_diagnostic.R",2.51640342352517e-08
"20260403T181533_lp","lp","ate","snap_persons","wealth_share_gap_top1_bottom50","other",8,"shock",FALSE,1.43611181438028e-05,1.05510426516923e-05,-6.31892545351401e-06,3.50411617411197e-05,0.178039766228408,108,"hac","/private/tmp/econark_results_transfer_wealth.nFXCMa/dass-R/poverty_program_shock_diagnostic/design/design_snap_persons_wealth_share_gap_top1_bottom50_h8_shock_oosexpanding.csv","lp","dass_20260403T221505Z","2026-04-03T22:15:05Z","config_dass_poverty_program_shock_diagnostic","/Users/shanewray/Library/CloudStorage/OneDrive-Personal/Active/hw/1/1proj/code/econark-r/code/dass-R/config_dass_poverty_program_shock_diagnostic.R",0.348812603223003
"20260403T181533_dml","dml","ate","snap_persons","gini_households_q","other",8,"shock",FALSE,2.00437167986939e-07,1.10304233116567e-07,-1.57591289215335e-08,4.16633464895411e-07,0.0720224525262506,108,"crossfit residual-on-residual","/private/tmp/econark_results_transfer_wealth.nFXCMa/dass-R/poverty_program_shock_diagnostic/design/design_snap_persons_gini_households_q_h8_shock_oosexpanding.csv","dml","dass_20260403T221505Z","2026-04-03T22:15:05Z","config_dass_poverty_program_shock_diagnostic","/Users/shanewray/Library/CloudStorage/OneDrive-Personal/Active/hw/1/1proj/code/econark-r/code/dass-R/config_dass_poverty_program_shock_diagnostic.R",0.192059873403335
"20260403T181533_dml","dml","ate","snap_persons","wealth_share_gap_top1_bottom50","other",4,"shock",FALSE,-5.3173407565454e-05,2.02802780315489e-05,-9.29227525072899e-05,-1.34240626236181e-05,0.0099934243415641,111,"crossfit residual-on-residual","/private/tmp/econark_results_transfer_wealth.nFXCMa/dass-R/poverty_program_shock_diagnostic/design/design_snap_persons_wealth_share_gap_top1_bottom50_h4_shock_oosexpanding.csv","dml","dass_20260403T221505Z","2026-04-03T22:15:05Z","config_dass_poverty_program_shock_diagnostic","/Users/shanewray/Library/CloudStorage/OneDrive-Personal/Active/hw/1/1proj/code/econark-r/code/dass-R/config_dass_poverty_program_shock_diagnostic.R",0.0417116842082675
"20260403T181533_dml","dml","ate","snap_persons","wealth_share_gap_top1_bottom50","other",8,"shock",FALSE,-4.90723105191806e-05,2.56125585258752e-05,-9.92729252298959e-05,1.12830419153474e-06,0.0580657228731232,108,"crossfit residual-on-residual","/private/tmp/econark_results_transfer_wealth.nFXCMa/dass-R/poverty_program_shock_diagnostic/design/design_snap_persons_wealth_share_gap_top1_bottom50_h8_shock_oosexpanding.csv","dml","dass_20260403T221505Z","2026-04-03T22:15:05Z","config_dass_poverty_program_shock_diagnostic","/Users/shanewray/Library/CloudStorage/OneDrive-Personal/Active/hw/1/1proj/code/econark-r/code/dass-R/config_dass_poverty_program_shock_diagnostic.R",0.16942478923461
