"dependent","horizon","n_obs","beta","se","p_value","ci_low","ci_high","r2","treatment","outcome","dependent_kind","provenance_run_id","provenance_run_timestamp_utc","provenance_config_id","provenance_config_path","provenance_stage_id"
"qend__pce_essential_v2_idx",1,101,-780.443589814614,2591.65742177056,0.763968254426394,-5860.09213648491,4299.20495685568,0.997963902930419,"fed_funds","pce_essential_v2_idx","outcome","dflmx_20260403T200715Z_propagate","2026-04-03T20:07:15Z","config_dflmx_poverty_consumption_baseline","econark-r/dflmx-R/config_dflmx_poverty_consumption_baseline.R","propagate"
"qend__pce_essential_v2_idx",2,100,-1744.71877388123,3517.90232835842,0.621084289976748,-8639.80733746372,5150.36978970127,0.995176551401952,"fed_funds","pce_essential_v2_idx","outcome","dflmx_20260403T200715Z_propagate","2026-04-03T20:07:15Z","config_dflmx_poverty_consumption_baseline","econark-r/dflmx-R/config_dflmx_poverty_consumption_baseline.R","propagate"
"qend__pce_discretionary_v2_idx",1,101,5081.4451150054,4055.93937919979,0.213338844861106,-2868.19606822619,13031.086298237,0.942378627418844,"fed_funds","pce_discretionary_v2_idx","outcome","dflmx_20260403T200715Z_propagate","2026-04-03T20:07:15Z","config_dflmx_poverty_consumption_baseline","econark-r/dflmx-R/config_dflmx_poverty_consumption_baseline.R","propagate"
"qend__pce_discretionary_v2_idx",2,100,6227.56273815488,4355.28880921966,0.156065378676739,-2308.80332791566,14763.9288042254,0.912177430417823,"fed_funds","pce_discretionary_v2_idx","outcome","dflmx_20260403T200715Z_propagate","2026-04-03T20:07:15Z","config_dflmx_poverty_consumption_baseline","econark-r/dflmx-R/config_dflmx_poverty_consumption_baseline.R","propagate"
"qend__pce_gap_v2",1,101,-0.0469792682662091,0.0375866182580211,0.21440881165765,-0.12064904005193,0.0266905035195123,0.525035841480589,"fed_funds","pce_gap_v2","outcome","dflmx_20260403T200715Z_propagate","2026-04-03T20:07:15Z","config_dflmx_poverty_consumption_baseline","econark-r/dflmx-R/config_dflmx_poverty_consumption_baseline.R","propagate"
"qend__pce_gap_v2",2,100,-0.0533286548769383,0.0384662342803469,0.16891176610457,-0.128722474066418,0.0220651643125417,0.339389526904914,"fed_funds","pce_gap_v2","outcome","dflmx_20260403T200715Z_propagate","2026-04-03T20:07:15Z","config_dflmx_poverty_consumption_baseline","econark-r/dflmx-R/config_dflmx_poverty_consumption_baseline.R","propagate"
"qend__pce_eshare_v2",1,101,-0.00668723114244185,0.00512045507156504,0.194711566772376,-0.0167233230827093,0.00334886079782562,0.575674965786287,"fed_funds","pce_eshare_v2","outcome","dflmx_20260403T200715Z_propagate","2026-04-03T20:07:15Z","config_dflmx_poverty_consumption_baseline","econark-r/dflmx-R/config_dflmx_poverty_consumption_baseline.R","propagate"
"qend__pce_eshare_v2",2,100,-0.00778255049933564,0.00537457406562837,0.150935631262227,-0.0183167156679672,0.00275161466929596,0.384733062230495,"fed_funds","pce_eshare_v2","outcome","dflmx_20260403T200715Z_propagate","2026-04-03T20:07:15Z","config_dflmx_poverty_consumption_baseline","econark-r/dflmx-R/config_dflmx_poverty_consumption_baseline.R","propagate"
"F1",1,140,-0.105319144524276,0.128365827017729,0.413410525645395,-0.356916165479024,0.146277876430472,0.996367981844226,"fed_funds","F1","factor","dflmx_20260403T200715Z_propagate","2026-04-03T20:07:15Z","config_dflmx_poverty_consumption_baseline","econark-r/dflmx-R/config_dflmx_poverty_consumption_baseline.R","propagate"
"F1",2,139,-0.0963533446198107,0.145120952265682,0.507870397019524,-0.380790411060547,0.188083721820926,0.995049116534798,"fed_funds","F1","factor","dflmx_20260403T200715Z_propagate","2026-04-03T20:07:15Z","config_dflmx_poverty_consumption_baseline","econark-r/dflmx-R/config_dflmx_poverty_consumption_baseline.R","propagate"
"F2",1,140,-0.318669604717868,0.120836101430814,0.00934731676496324,-0.555508363522263,-0.0818308459134733,0.940644194322405,"fed_funds","F2","factor","dflmx_20260403T200715Z_propagate","2026-04-03T20:07:15Z","config_dflmx_poverty_consumption_baseline","econark-r/dflmx-R/config_dflmx_poverty_consumption_baseline.R","propagate"
"F2",2,139,-0.546251894912233,0.217504680791968,0.013220602962859,-0.97256106926449,-0.119942720559976,0.899240681295463,"fed_funds","F2","factor","dflmx_20260403T200715Z_propagate","2026-04-03T20:07:15Z","config_dflmx_poverty_consumption_baseline","econark-r/dflmx-R/config_dflmx_poverty_consumption_baseline.R","propagate"
"qend__pce_essential_v2_idx",1,101,-0.00877593313065645,0.00615523841145385,0.157213393451025,-0.020840200417106,0.00328833415579308,0.998070820410058,"transfer_composite","pce_essential_v2_idx","outcome","dflmx_20260403T200715Z_propagate","2026-04-03T20:07:15Z","config_dflmx_poverty_consumption_baseline","econark-r/dflmx-R/config_dflmx_poverty_consumption_baseline.R","propagate"
"qend__pce_essential_v2_idx",2,100,-0.0170447045119687,0.0112717799833632,0.133848649634844,-0.0391373932793605,0.00504798425542317,0.9953854236197,"transfer_composite","pce_essential_v2_idx","outcome","dflmx_20260403T200715Z_propagate","2026-04-03T20:07:15Z","config_dflmx_poverty_consumption_baseline","econark-r/dflmx-R/config_dflmx_poverty_consumption_baseline.R","propagate"
"qend__pce_discretionary_v2_idx",1,101,-0.0169441938595283,0.0147340669540106,0.253030134330632,-0.045822965089389,0.0119345773703324,0.945615946623425,"transfer_composite","pce_discretionary_v2_idx","outcome","dflmx_20260403T200715Z_propagate","2026-04-03T20:07:15Z","config_dflmx_poverty_consumption_baseline","econark-r/dflmx-R/config_dflmx_poverty_consumption_baseline.R","propagate"
"qend__pce_discretionary_v2_idx",2,100,-0.00958403529131716,0.0192455186256291,0.619655660862148,-0.0473052517975502,0.0281371812149159,0.912075909740598,"transfer_composite","pce_discretionary_v2_idx","outcome","dflmx_20260403T200715Z_propagate","2026-04-03T20:07:15Z","config_dflmx_poverty_consumption_baseline","econark-r/dflmx-R/config_dflmx_poverty_consumption_baseline.R","propagate"
"qend__pce_gap_v2",1,101,2.04136763771931e-07,1.10031553599753e-07,0.0666605410429702,-1.15250812835844e-08,4.19798608827447e-07,0.554826777086714,"transfer_composite","pce_gap_v2","outcome","dflmx_20260403T200715Z_propagate","2026-04-03T20:07:15Z","config_dflmx_poverty_consumption_baseline","econark-r/dflmx-R/config_dflmx_poverty_consumption_baseline.R","propagate"
"qend__pce_gap_v2",2,100,1.66131816408105e-07,1.17652786387737e-07,0.161236690508348,-6.44676449118604e-08,3.9673127772807e-07,0.334882750113473,"transfer_composite","pce_gap_v2","outcome","dflmx_20260403T200715Z_propagate","2026-04-03T20:07:15Z","config_dflmx_poverty_consumption_baseline","econark-r/dflmx-R/config_dflmx_poverty_consumption_baseline.R","propagate"
"qend__pce_eshare_v2",1,101,2.48249498458871e-08,1.51701664614668e-08,0.105057954865641,-4.90857641858769e-09,5.4558476110362e-08,0.601353487090253,"transfer_composite","pce_eshare_v2","outcome","dflmx_20260403T200715Z_propagate","2026-04-03T20:07:15Z","config_dflmx_poverty_consumption_baseline","econark-r/dflmx-R/config_dflmx_poverty_consumption_baseline.R","propagate"
"qend__pce_eshare_v2",2,100,2.01905069810284e-08,1.69155577653049e-08,0.235635917631293,-1.29639862389691e-08,5.33450002010259e-08,0.376742489349015,"transfer_composite","pce_eshare_v2","outcome","dflmx_20260403T200715Z_propagate","2026-04-03T20:07:15Z","config_dflmx_poverty_consumption_baseline","econark-r/dflmx-R/config_dflmx_poverty_consumption_baseline.R","propagate"
"F1",1,140,1.67019765599304e-06,1.41535679927113e-07,1.76656976167047e-22,1.3927877233359e-06,1.94760758865018e-06,0.997462836132902,"transfer_composite","F1","factor","dflmx_20260403T200715Z_propagate","2026-04-03T20:07:15Z","config_dflmx_poverty_consumption_baseline","econark-r/dflmx-R/config_dflmx_poverty_consumption_baseline.R","propagate"
"F1",2,139,4.84743482266711e-07,3.35006719324483e-07,0.150259139521716,-1.71869687609276e-07,1.1413566521427e-06,0.995330002643568,"transfer_composite","F1","factor","dflmx_20260403T200715Z_propagate","2026-04-03T20:07:15Z","config_dflmx_poverty_consumption_baseline","econark-r/dflmx-R/config_dflmx_poverty_consumption_baseline.R","propagate"
"F2",1,140,4.41970596333314e-06,7.88535795072856e-07,1.14027096404369e-07,2.87417580499034e-06,5.96523612167593e-06,0.960626881485485,"transfer_composite","F2","factor","dflmx_20260403T200715Z_propagate","2026-04-03T20:07:15Z","config_dflmx_poverty_consumption_baseline","econark-r/dflmx-R/config_dflmx_poverty_consumption_baseline.R","propagate"
"F2",2,139,2.97557984568067e-06,7.68939650528877e-07,0.000169939811995617,1.46845813064407e-06,4.48270156071727e-06,0.90550068294662,"transfer_composite","F2","factor","dflmx_20260403T200715Z_propagate","2026-04-03T20:07:15Z","config_dflmx_poverty_consumption_baseline","econark-r/dflmx-R/config_dflmx_poverty_consumption_baseline.R","propagate"
"qend__pce_essential_v2_idx",1,101,-0.0241006263538775,0.443034895630388,0.956731564676615,-0.892449021789439,0.844247769081683,0.998006970076155,"social_security","pce_essential_v2_idx","outcome","dflmx_20260403T200715Z_propagate","2026-04-03T20:07:15Z","config_dflmx_poverty_consumption_baseline","econark-r/dflmx-R/config_dflmx_poverty_consumption_baseline.R","propagate"
"qend__pce_essential_v2_idx",2,100,0.268577603253402,0.685484066611452,0.696087514040788,-1.07497116730504,1.61212637381185,0.995324995697239,"social_security","pce_essential_v2_idx","outcome","dflmx_20260403T200715Z_propagate","2026-04-03T20:07:15Z","config_dflmx_poverty_consumption_baseline","econark-r/dflmx-R/config_dflmx_poverty_consumption_baseline.R","propagate"
"qend__pce_discretionary_v2_idx",1,101,0.0555971983798706,0.66287655320591,0.933334189289994,-1.24364084590371,1.35483524266345,0.938291131708345,"social_security","pce_discretionary_v2_idx","outcome","dflmx_20260403T200715Z_propagate","2026-04-03T20:07:15Z","config_dflmx_poverty_consumption_baseline","econark-r/dflmx-R/config_dflmx_poverty_consumption_baseline.R","propagate"
"qend__pce_discretionary_v2_idx",2,100,0.382125421541345,0.864577986247804,0.659519489083346,-1.31244743150435,2.07669827458704,0.906962942755904,"social_security","pce_discretionary_v2_idx","outcome","dflmx_20260403T200715Z_propagate","2026-04-03T20:07:15Z","config_dflmx_poverty_consumption_baseline","econark-r/dflmx-R/config_dflmx_poverty_consumption_baseline.R","propagate"
"qend__pce_gap_v2",1,101,2.67152489240909e-06,2.56203601479821e-06,0.299717267957551,-2.35006569659541e-06,7.69311548141359e-06,0.485671833472896,"social_security","pce_gap_v2","outcome","dflmx_20260403T200715Z_propagate","2026-04-03T20:07:15Z","config_dflmx_poverty_consumption_baseline","econark-r/dflmx-R/config_dflmx_poverty_consumption_baseline.R","propagate"
"qend__pce_gap_v2",2,100,-8.67219455973851e-07,3.3773851472011e-06,0.797915615206448,-7.48689434448801e-06,5.75245543254031e-06,0.289911543836303,"social_security","pce_gap_v2","outcome","dflmx_20260403T200715Z_propagate","2026-04-03T20:07:15Z","config_dflmx_poverty_consumption_baseline","econark-r/dflmx-R/config_dflmx_poverty_consumption_baseline.R","propagate"
"qend__pce_eshare_v2",1,101,3.68452901956727e-07,3.40342965367974e-07,0.281729345978326,-2.98619310164501e-07,1.03552511407796e-06,0.539435870745872,"social_security","pce_eshare_v2","outcome","dflmx_20260403T200715Z_propagate","2026-04-03T20:07:15Z","config_dflmx_poverty_consumption_baseline","econark-r/dflmx-R/config_dflmx_poverty_consumption_baseline.R","propagate"
"qend__pce_eshare_v2",2,100,-5.96530816110939e-08,4.51253778892821e-07,0.895113331080018,-9.44110488241022e-07,8.24804325018834e-07,0.336339989608434,"social_security","pce_eshare_v2","outcome","dflmx_20260403T200715Z_propagate","2026-04-03T20:07:15Z","config_dflmx_poverty_consumption_baseline","econark-r/dflmx-R/config_dflmx_poverty_consumption_baseline.R","propagate"
"F1",1,140,-1.47231906700386e-05,2.79555887256553e-05,0.599297945390662,-6.95161445723229e-05,4.00697632322458e-05,0.996341257136996,"social_security","F1","factor","dflmx_20260403T200715Z_propagate","2026-04-03T20:07:15Z","config_dflmx_poverty_consumption_baseline","econark-r/dflmx-R/config_dflmx_poverty_consumption_baseline.R","propagate"
"F1",2,139,1.60974682902367e-05,2.03905157180415e-05,0.431249162428653,-2.38679425171246e-05,5.60628790975979e-05,0.995024967547734,"social_security","F1","factor","dflmx_20260403T200715Z_propagate","2026-04-03T20:07:15Z","config_dflmx_poverty_consumption_baseline","econark-r/dflmx-R/config_dflmx_poverty_consumption_baseline.R","propagate"
"F2",1,140,6.42769234854225e-06,3.81572543678028e-05,0.866481151018494,-6.83605262123511e-05,8.12159109094357e-05,0.935583637958818,"social_security","F2","factor","dflmx_20260403T200715Z_propagate","2026-04-03T20:07:15Z","config_dflmx_poverty_consumption_baseline","econark-r/dflmx-R/config_dflmx_poverty_consumption_baseline.R","propagate"
"F2",2,139,-6.8382544590334e-06,5.45810495440653e-05,0.9004861234881,-0.000113817111565401,0.000100140602647335,0.891161430054962,"social_security","F2","factor","dflmx_20260403T200715Z_propagate","2026-04-03T20:07:15Z","config_dflmx_poverty_consumption_baseline","econark-r/dflmx-R/config_dflmx_poverty_consumption_baseline.R","propagate"
"qend__pce_essential_v2_idx",1,101,-0.0336555173610292,0.0558564839693785,0.548253286590969,-0.143134225941011,0.0758231912189526,0.99817275248849,"ui_benefits","pce_essential_v2_idx","outcome","dflmx_20260403T200715Z_propagate","2026-04-03T20:07:15Z","config_dflmx_poverty_consumption_baseline","econark-r/dflmx-R/config_dflmx_poverty_consumption_baseline.R","propagate"
"qend__pce_essential_v2_idx",2,100,-0.0538883589366039,0.0923666479289636,0.561009210903046,-0.234926988877373,0.127150271004165,0.995466718017706,"ui_benefits","pce_essential_v2_idx","outcome","dflmx_20260403T200715Z_propagate","2026-04-03T20:07:15Z","config_dflmx_poverty_consumption_baseline","econark-r/dflmx-R/config_dflmx_poverty_consumption_baseline.R","propagate"
"qend__pce_discretionary_v2_idx",1,101,-0.170418459970456,0.0665766301710209,0.012052793982239,-0.300908655105657,-0.039928264835255,0.949731013603769,"ui_benefits","pce_discretionary_v2_idx","outcome","dflmx_20260403T200715Z_propagate","2026-04-03T20:07:15Z","config_dflmx_poverty_consumption_baseline","econark-r/dflmx-R/config_dflmx_poverty_consumption_baseline.R","propagate"
"qend__pce_discretionary_v2_idx",2,100,-0.121833977268526,0.0927170679539899,0.192030322341034,-0.303559430458346,0.0598914759212939,0.918156781721705,"ui_benefits","pce_discretionary_v2_idx","outcome","dflmx_20260403T200715Z_propagate","2026-04-03T20:07:15Z","config_dflmx_poverty_consumption_baseline","econark-r/dflmx-R/config_dflmx_poverty_consumption_baseline.R","propagate"
"qend__pce_gap_v2",1,101,1.89058595318254e-06,3.45666518929526e-07,3.6464902428428e-07,1.21307957608067e-06,2.56809233028441e-06,0.601155119308255,"ui_benefits","pce_gap_v2","outcome","dflmx_20260403T200715Z_propagate","2026-04-03T20:07:15Z","config_dflmx_poverty_consumption_baseline","econark-r/dflmx-R/config_dflmx_poverty_consumption_baseline.R","propagate"
"qend__pce_gap_v2",2,100,1.47793925655794e-06,5.26886754395656e-07,0.00611386859183448,4.45241217942458e-07,2.51063729517343e-06,0.359147781329619,"ui_benefits","pce_gap_v2","outcome","dflmx_20260403T200715Z_propagate","2026-04-03T20:07:15Z","config_dflmx_poverty_consumption_baseline","econark-r/dflmx-R/config_dflmx_poverty_consumption_baseline.R","propagate"
"qend__pce_eshare_v2",1,101,2.39612423862593e-07,5.41804570073768e-08,2.59600694670588e-05,1.33418728128134e-07,3.45806119597051e-07,0.640192554353701,"ui_benefits","pce_eshare_v2","outcome","dflmx_20260403T200715Z_propagate","2026-04-03T20:07:15Z","config_dflmx_poverty_consumption_baseline","econark-r/dflmx-R/config_dflmx_poverty_consumption_baseline.R","propagate"
"qend__pce_eshare_v2",2,100,1.89454746923296e-07,7.95559386934633e-08,0.0192625201706858,3.35251070841077e-08,3.45384386762484e-07,0.397769558041538,"ui_benefits","pce_eshare_v2","outcome","dflmx_20260403T200715Z_propagate","2026-04-03T20:07:15Z","config_dflmx_poverty_consumption_baseline","econark-r/dflmx-R/config_dflmx_poverty_consumption_baseline.R","propagate"
"F1",1,140,1.37528986126566e-05,2.61737967500231e-06,5.69816779639371e-07,8.62283444965209e-06,1.88829627756611e-05,0.997108320104733,"ui_benefits","F1","factor","dflmx_20260403T200715Z_propagate","2026-04-03T20:07:15Z","config_dflmx_poverty_consumption_baseline","econark-r/dflmx-R/config_dflmx_poverty_consumption_baseline.R","propagate"
"F1",2,139,5.01688616125362e-06,3.97560417553587e-06,0.209186843598072,-2.77529802279668e-06,1.28090703453039e-05,0.995259956153093,"ui_benefits","F1","factor","dflmx_20260403T200715Z_propagate","2026-04-03T20:07:15Z","config_dflmx_poverty_consumption_baseline","econark-r/dflmx-R/config_dflmx_poverty_consumption_baseline.R","propagate"
"F2",1,140,3.75414496206812e-05,6.20351355922554e-06,1.35000335521427e-08,2.53825630445991e-05,4.97003361967632e-05,0.963160853660452,"ui_benefits","F2","factor","dflmx_20260403T200715Z_propagate","2026-04-03T20:07:15Z","config_dflmx_poverty_consumption_baseline","econark-r/dflmx-R/config_dflmx_poverty_consumption_baseline.R","propagate"
"F2",2,139,2.08616378261399e-05,4.08785003835823e-06,1.12777509923781e-06,1.28494517509578e-05,2.8873823901322e-05,0.913360654862209,"ui_benefits","F2","factor","dflmx_20260403T200715Z_propagate","2026-04-03T20:07:15Z","config_dflmx_poverty_consumption_baseline","econark-r/dflmx-R/config_dflmx_poverty_consumption_baseline.R","propagate"
"qend__pce_essential_v2_idx",1,101,0.17419988268956,0.129670181993426,0.182340389103291,-0.0799536740175546,0.428353439396675,0.998255039830768,"snap_persons","pce_essential_v2_idx","outcome","dflmx_20260403T200715Z_propagate","2026-04-03T20:07:15Z","config_dflmx_poverty_consumption_baseline","econark-r/dflmx-R/config_dflmx_poverty_consumption_baseline.R","propagate"
"qend__pce_essential_v2_idx",2,100,0.345200848160945,0.208968659411663,0.101886355823224,-0.064377724285914,0.754779420607803,0.995763051459695,"snap_persons","pce_essential_v2_idx","outcome","dflmx_20260403T200715Z_propagate","2026-04-03T20:07:15Z","config_dflmx_poverty_consumption_baseline","econark-r/dflmx-R/config_dflmx_poverty_consumption_baseline.R","propagate"
"qend__pce_discretionary_v2_idx",1,101,-0.172398943631316,0.220604129121321,0.43646022726792,-0.604783036709106,0.259985149446473,0.941584490518242,"snap_persons","pce_discretionary_v2_idx","outcome","dflmx_20260403T200715Z_propagate","2026-04-03T20:07:15Z","config_dflmx_poverty_consumption_baseline","econark-r/dflmx-R/config_dflmx_poverty_consumption_baseline.R","propagate"
"qend__pce_discretionary_v2_idx",2,100,-0.0737135131472823,0.204836894192119,0.719755766869401,-0.475193825763836,0.327766799469271,0.908399147792158,"snap_persons","pce_discretionary_v2_idx","outcome","dflmx_20260403T200715Z_propagate","2026-04-03T20:07:15Z","config_dflmx_poverty_consumption_baseline","econark-r/dflmx-R/config_dflmx_poverty_consumption_baseline.R","propagate"
"qend__pce_gap_v2",1,101,2.67952684684293e-06,1.76773942000726e-06,0.132892161870819,-7.85242416371304e-07,6.14429611005716e-06,0.528117147569554,"snap_persons","pce_gap_v2","outcome","dflmx_20260403T200715Z_propagate","2026-04-03T20:07:15Z","config_dflmx_poverty_consumption_baseline","econark-r/dflmx-R/config_dflmx_poverty_consumption_baseline.R","propagate"
"qend__pce_gap_v2",2,100,2.23343970870092e-06,1.37737897967258e-06,0.108257048218461,-4.66223091457335e-07,4.93310250885917e-06,0.315276993876756,"snap_persons","pce_gap_v2","outcome","dflmx_20260403T200715Z_propagate","2026-04-03T20:07:15Z","config_dflmx_poverty_consumption_baseline","econark-r/dflmx-R/config_dflmx_poverty_consumption_baseline.R","propagate"
"qend__pce_eshare_v2",1,101,3.67650859969712e-07,2.35187431377384e-07,0.121324892138801,-9.33165055299606e-08,8.28618225469384e-07,0.579059467558939,"snap_persons","pce_eshare_v2","outcome","dflmx_20260403T200715Z_propagate","2026-04-03T20:07:15Z","config_dflmx_poverty_consumption_baseline","econark-r/dflmx-R/config_dflmx_poverty_consumption_baseline.R","propagate"
"qend__pce_eshare_v2",2,100,3.15946229851941e-07,1.88932201358287e-07,0.0977959967216708,-5.43608848103018e-08,6.86253344514183e-07,0.361463392968112,"snap_persons","pce_eshare_v2","outcome","dflmx_20260403T200715Z_propagate","2026-04-03T20:07:15Z","config_dflmx_poverty_consumption_baseline","econark-r/dflmx-R/config_dflmx_poverty_consumption_baseline.R","propagate"
"F1",1,140,1.02203971353675e-05,5.46928182044048e-06,0.0638490954636462,-4.99395232695879e-07,2.09401895034308e-05,0.996577260898308,"snap_persons","F1","factor","dflmx_20260403T200715Z_propagate","2026-04-03T20:07:15Z","config_dflmx_poverty_consumption_baseline","econark-r/dflmx-R/config_dflmx_poverty_consumption_baseline.R","propagate"
"F1",2,139,3.75194534646433e-06,4.32275690961084e-06,0.386984024586743,-4.72065819637292e-06,1.22245488893016e-05,0.995053387120496,"snap_persons","F1","factor","dflmx_20260403T200715Z_propagate","2026-04-03T20:07:15Z","config_dflmx_poverty_consumption_baseline","econark-r/dflmx-R/config_dflmx_poverty_consumption_baseline.R","propagate"
"F2",1,140,2.93916653717402e-05,1.9037164356458e-05,0.12496854515185,-7.92117676691752e-06,6.67045075103979e-05,0.940575299368046,"snap_persons","F2","factor","dflmx_20260403T200715Z_propagate","2026-04-03T20:07:15Z","config_dflmx_poverty_consumption_baseline","econark-r/dflmx-R/config_dflmx_poverty_consumption_baseline.R","propagate"
"F2",2,139,2.4710881229478e-05,1.14829148318785e-05,0.0332057370422157,2.20436815899612e-06,4.721739429996e-05,0.893166058064635,"snap_persons","F2","factor","dflmx_20260403T200715Z_propagate","2026-04-03T20:07:15Z","config_dflmx_poverty_consumption_baseline","econark-r/dflmx-R/config_dflmx_poverty_consumption_baseline.R","propagate"
"qend__pce_essential_v2_idx",1,101,9.90460285191606e-08,4.02398010006458e-07,0.806105312140396,-6.89654071093496e-07,8.87746128131818e-07,0.998022428595281,"household_networth","pce_essential_v2_idx","outcome","dflmx_20260403T200715Z_propagate","2026-04-03T20:07:15Z","config_dflmx_poverty_consumption_baseline","econark-r/dflmx-R/config_dflmx_poverty_consumption_baseline.R","propagate"
"qend__pce_essential_v2_idx",2,100,-2.87056291582159e-08,5.94333398568515e-07,0.961580530999893,-1.19359909035251e-06,1.13618783203607e-06,0.995300694779562,"household_networth","pce_essential_v2_idx","outcome","dflmx_20260403T200715Z_propagate","2026-04-03T20:07:15Z","config_dflmx_poverty_consumption_baseline","econark-r/dflmx-R/config_dflmx_poverty_consumption_baseline.R","propagate"
"qend__pce_discretionary_v2_idx",1,101,1.48329849604305e-06,1.14805611922168e-06,0.199488330873494,-7.66891497631438e-07,3.73348848971753e-06,0.949215388572636,"household_networth","pce_discretionary_v2_idx","outcome","dflmx_20260403T200715Z_propagate","2026-04-03T20:07:15Z","config_dflmx_poverty_consumption_baseline","econark-r/dflmx-R/config_dflmx_poverty_consumption_baseline.R","propagate"
"qend__pce_discretionary_v2_idx",2,100,6.1203318310159e-07,8.43343032037013e-07,0.469811791586149,-1.04091915969096e-06,2.26498552589413e-06,0.91466269753335,"household_networth","pce_discretionary_v2_idx","outcome","dflmx_20260403T200715Z_propagate","2026-04-03T20:07:15Z","config_dflmx_poverty_consumption_baseline","econark-r/dflmx-R/config_dflmx_poverty_consumption_baseline.R","propagate"
"qend__pce_gap_v2",1,101,-1.31076620238431e-11,1.09589311103153e-11,0.234645529152981,-3.45871670000611e-11,8.37184295237477e-12,0.554025460315139,"household_networth","pce_gap_v2","outcome","dflmx_20260403T200715Z_propagate","2026-04-03T20:07:15Z","config_dflmx_poverty_consumption_baseline","econark-r/dflmx-R/config_dflmx_poverty_consumption_baseline.R","propagate"
"qend__pce_gap_v2",2,100,-5.99364212997055e-12,6.62255715303734e-12,0.367760981818071,-1.89738541499237e-11,6.98656988998264e-12,0.325891247980822,"household_networth","pce_gap_v2","outcome","dflmx_20260403T200715Z_propagate","2026-04-03T20:07:15Z","config_dflmx_poverty_consumption_baseline","econark-r/dflmx-R/config_dflmx_poverty_consumption_baseline.R","propagate"
"qend__pce_eshare_v2",1,101,-1.7693379802916e-12,1.48109803221612e-12,0.23521257110286,-4.67229012343519e-12,1.133614162852e-12,0.599508318109859,"household_networth","pce_eshare_v2","outcome","dflmx_20260403T200715Z_propagate","2026-04-03T20:07:15Z","config_dflmx_poverty_consumption_baseline","econark-r/dflmx-R/config_dflmx_poverty_consumption_baseline.R","propagate"
"qend__pce_eshare_v2",2,100,-8.68636972579852e-13,9.50116274673156e-13,0.36292844608245,-2.73086487093924e-12,9.93590925779535e-13,0.371077225025037,"household_networth","pce_eshare_v2","outcome","dflmx_20260403T200715Z_propagate","2026-04-03T20:07:15Z","config_dflmx_poverty_consumption_baseline","econark-r/dflmx-R/config_dflmx_poverty_consumption_baseline.R","propagate"
"F1",1,140,3.8304097188463e-11,2.04245911034072e-11,0.0629149878712989,-1.72810137421507e-12,7.83362957511411e-11,0.99653322563592,"household_networth","F1","factor","dflmx_20260403T200715Z_propagate","2026-04-03T20:07:15Z","config_dflmx_poverty_consumption_baseline","econark-r/dflmx-R/config_dflmx_poverty_consumption_baseline.R","propagate"
"F1",2,139,-3.43557047860844e-11,3.05728553496751e-11,0.263150820965162,-9.42785012714476e-11,2.55670916992788e-11,0.995213549585257,"household_networth","F1","factor","dflmx_20260403T200715Z_propagate","2026-04-03T20:07:15Z","config_dflmx_poverty_consumption_baseline","econark-r/dflmx-R/config_dflmx_poverty_consumption_baseline.R","propagate"
"F2",1,140,-1.37651195866813e-12,3.90702990555515e-11,0.971947435956154,-7.79542981075491e-11,7.52012741902129e-11,0.94003555568142,"household_networth","F2","factor","dflmx_20260403T200715Z_propagate","2026-04-03T20:07:15Z","config_dflmx_poverty_consumption_baseline","econark-r/dflmx-R/config_dflmx_poverty_consumption_baseline.R","propagate"
"F2",2,139,-1.03763981244067e-10,8.9509697602363e-11,0.248431951381189,-2.79202988544698e-10,7.16750260565648e-11,0.896374087794293,"household_networth","F2","factor","dflmx_20260403T200715Z_propagate","2026-04-03T20:07:15Z","config_dflmx_poverty_consumption_baseline","econark-r/dflmx-R/config_dflmx_poverty_consumption_baseline.R","propagate"
"qend__pce_essential_v2_idx",1,101,8.18161775368914e-05,4.5086003432091e-05,0.0727306922818525,-6.55238919000696e-06,0.00017018474426379,0.997999392372157,"credit_composite","pce_essential_v2_idx","outcome","dflmx_20260403T200715Z_propagate","2026-04-03T20:07:15Z","config_dflmx_poverty_consumption_baseline","econark-r/dflmx-R/config_dflmx_poverty_consumption_baseline.R","propagate"
"qend__pce_essential_v2_idx",2,100,0.000102915850888122,6.58319586735524e-05,0.121339877698395,-2.61147881120403e-05,0.000231946489888285,0.995228268594704,"credit_composite","pce_essential_v2_idx","outcome","dflmx_20260403T200715Z_propagate","2026-04-03T20:07:15Z","config_dflmx_poverty_consumption_baseline","econark-r/dflmx-R/config_dflmx_poverty_consumption_baseline.R","propagate"
"qend__pce_discretionary_v2_idx",1,101,0.000191194014052009,0.000161076888111711,0.238197713451932,-0.000124516686646945,0.000506904714750964,0.943217865607999,"credit_composite","pce_discretionary_v2_idx","outcome","dflmx_20260403T200715Z_propagate","2026-04-03T20:07:15Z","config_dflmx_poverty_consumption_baseline","econark-r/dflmx-R/config_dflmx_poverty_consumption_baseline.R","propagate"
"qend__pce_discretionary_v2_idx",2,100,0.000125941982977497,0.000114360668239754,0.273591094053603,-9.82049267724215e-05,0.000350088892727415,0.909783895158162,"credit_composite","pce_discretionary_v2_idx","outcome","dflmx_20260403T200715Z_propagate","2026-04-03T20:07:15Z","config_dflmx_poverty_consumption_baseline","econark-r/dflmx-R/config_dflmx_poverty_consumption_baseline.R","propagate"
"qend__pce_gap_v2",1,101,-1.84086359464656e-09,1.5598975848402e-09,0.240899769802035,-4.89826286093335e-09,1.21653567164022e-09,0.53240490238115,"credit_composite","pce_gap_v2","outcome","dflmx_20260403T200715Z_propagate","2026-04-03T20:07:15Z","config_dflmx_poverty_consumption_baseline","econark-r/dflmx-R/config_dflmx_poverty_consumption_baseline.R","propagate"
"qend__pce_gap_v2",2,100,-1.02667668373662e-09,1.07659098049891e-09,0.342713459610277,-3.13679500551448e-09,1.08344163804123e-09,0.311229275018805,"credit_composite","pce_gap_v2","outcome","dflmx_20260403T200715Z_propagate","2026-04-03T20:07:15Z","config_dflmx_poverty_consumption_baseline","econark-r/dflmx-R/config_dflmx_poverty_consumption_baseline.R","propagate"
"qend__pce_eshare_v2",1,101,-2.42844777003229e-10,2.09143172295991e-10,0.248493735962725,-6.52765394703372e-10,1.67075840696914e-10,0.578085242730976,"credit_composite","pce_eshare_v2","outcome","dflmx_20260403T200715Z_propagate","2026-04-03T20:07:15Z","config_dflmx_poverty_consumption_baseline","econark-r/dflmx-R/config_dflmx_poverty_consumption_baseline.R","propagate"
"qend__pce_eshare_v2",2,100,-1.39374240744423e-10,1.48768716735861e-10,0.351235575027158,-4.3096092554671e-10,1.52212444057865e-10,0.356291260230035,"credit_composite","pce_eshare_v2","outcome","dflmx_20260403T200715Z_propagate","2026-04-03T20:07:15Z","config_dflmx_poverty_consumption_baseline","econark-r/dflmx-R/config_dflmx_poverty_consumption_baseline.R","propagate"
"F1",1,140,-1.66448831726141e-09,2.99224072763862e-09,0.578955256195574,-7.52928014343311e-09,4.20030350891029e-09,0.996369114463898,"credit_composite","F1","factor","dflmx_20260403T200715Z_propagate","2026-04-03T20:07:15Z","config_dflmx_poverty_consumption_baseline","econark-r/dflmx-R/config_dflmx_poverty_consumption_baseline.R","propagate"
"F1",2,139,-4.50542640014775e-09,2.9737150568899e-09,0.132124285042579,-1.0333907911652e-08,1.32305511135645e-09,0.99516470353347,"credit_composite","F1","factor","dflmx_20260403T200715Z_propagate","2026-04-03T20:07:15Z","config_dflmx_poverty_consumption_baseline","econark-r/dflmx-R/config_dflmx_poverty_consumption_baseline.R","propagate"
"F2",1,140,-1.28559859340601e-08,1.23897488748041e-08,0.301310721286348,-3.71398937286761e-08,1.14279218605558e-08,0.942756643728971,"credit_composite","F2","factor","dflmx_20260403T200715Z_propagate","2026-04-03T20:07:15Z","config_dflmx_poverty_consumption_baseline","econark-r/dflmx-R/config_dflmx_poverty_consumption_baseline.R","propagate"
"F2",2,139,-9.49748676466561e-09,1.17345713236516e-08,0.419753975570044,-3.24972465590227e-08,1.35022730296915e-08,0.896567502754467,"credit_composite","F2","factor","dflmx_20260403T200715Z_propagate","2026-04-03T20:07:15Z","config_dflmx_poverty_consumption_baseline","econark-r/dflmx-R/config_dflmx_poverty_consumption_baseline.R","propagate"
